clip_id,take_folder,ground_truth_original,ground_truth,exo_answer,exo_predicted,exo_correct,ego_answer,ego_predicted,ego_correct
b4966f7b-521e-4cf1-a777-9c3ecb07d98f,uniandes_bouldering_033_58,Intermediate Expert,Intermediate,"Observations: The climber is using a technique known as ""bouldering"" on a large, colorful, and complex wall. The expert notes that the climber is using a ""very low"" stance, which is a key aspect of the technique. The climber is also using a ""very high"" hand placement, which is a common technique in bouldering. The climber is also using a ""very high"" foot placement, which is a common technique in bouldering. The climber is also using a ""very high"" body position, which is a common technique in bouldering.

Errors/Strengths: The expert notes that the climber is using a ""very low"" stance, which is a key aspect of the technique. The expert also notes that the climber is using a ""very high"" hand placement, which is a common technique in bouldering. The expert also notes that the climber is using a ""very high"" foot placement, which is a common technique in bouldering. The expert also notes that the climber is using a ""very high"" body position, which is a common technique in bouldering.

Skill Level: Late Expert",Expert,False,"Observations: The expert commentary highlights the climber's use of a specific technique, which involves reaching for a hold and then using a hand to pull the body up, a method that is particularly effective for climbing on a wall with a large number of holds. The climber is also noted to be using a technique that involves reaching for a hold and then using a hand to pull the body up, which is a common and effective method for climbing on a wall with a large number of holds. The climber's technique is also noted to be efficient and effective, as it allows for a quick and smooth movement up the wall.

Errors/Strengths: The expert commentary notes that the climber's technique is not perfect and that there are some errors in the technique. However, the climber's technique is also noted to be strong and effective, as it allows for a quick and smooth movement up the wall. The expert also notes that the climber is using a technique that is effective for climbing on a wall with a large number of holds.

Skill Level: Intermediate Expert",Intermediate,True
9361dce5-6406-417f-9b26-12a2b0ad23a5,uniandes_bouldering_022_24,Intermediate Expert,Intermediate,"Observations: The climber is using a dynamic, multi-directional technique, with a focus on precise hand placement and body control. The climber is shown in a controlled, balanced position, demonstrating a high level of technical proficiency. The use of the handholds and the body's positioning suggest a strong understanding of the route's geometry and the need for stability.

Errors/Strengths: The expert notes that the climber's hand placement is not perfectly aligned with the hold, which could be a minor error. However, the climber's overall technique is strong, and the body's control is excellent, indicating a high level of skill.

Skill Level: Late Expert",Expert,False,"Observations: The expert commentary highlights the climber's use of a wide variety of holds, including those with different shapes and colors, and the climber's ability to use them effectively. The climber is also shown using a variety of techniques, including hand and foot placement, to navigate the wall. The climber's movements are fluid and efficient, indicating a high level of skill.

Errors/Strengths: The expert notes that the climber's technique is not perfect, but the overall skill level is high. The climber's movements are fluid and efficient, indicating a high level of skill.

Skill Level: Late Expert",Expert,False
4f9adb11-6c34-4b76-ba70-19c6ad3a6156,uniandes_bouldering_030_28,Late Expert,Expert,"Observations: The climber is demonstrating a controlled and deliberate approach to bouldering, focusing on precise hand and foot placement. The technique involves a dynamic, fluid movement, with the climber using a combination of body weight and momentum to ascend the wall. The climber's form is consistent, and the movements are smooth, indicating a high level of control and coordination.

Errors/Strengths: The expert notes that the climber's technique is sound, with a focus on proper body mechanics and controlled movement. There are no significant errors in technique observed. The climber's ability to maintain balance and control is a strength, and the fluidity of the movements suggests a high level of skill.

Skill Level: Late Expert",Expert,True,"Observations: The expert commentary highlights the climber's use of a wide variety of holds, including both standard and specialized shapes, and their ability to navigate the wall with a fluid, confident movement. The climber is seen using both hands and feet to maintain balance and control, and their body position is consistent with a strong, stable posture. The climber's technique is efficient and precise, with a focus on using the holds effectively to ascend the wall.

Errors/Strengths: The expert notes that the climber's technique is generally sound, with a strong emphasis on using the holds correctly. However, there is a minor error in the description of the climber's hand placement, which is not clearly visible in the images. The expert also notes that the climber's movements are fluid and confident, which is a strength.

Skill Level: Intermediate Expert",Intermediate,False
94a048f2-ed75-4adc-92bb-cbe67acc53e8,uniandes_bouldering_030_57,Late Expert,Expert,"Observations: The climber is shown using a variety of techniques, including handholds and footholds, to ascend the wall. The climber is seen using their body weight to maintain balance and control. The climber is also seen using their feet to push off the wall and gain momentum. The climber is also seen using their arms to pull themselves up the wall.

Errors/Strengths: The expert notes that the climber is not using their feet to push off the wall, which is a common mistake. The expert also notes that the climber is not using their arms to pull themselves up the wall, which is also a common mistake. The expert also notes that the climber is not using their body weight to maintain balance, which is a common mistake.

Skill Level: Late Expert",Expert,True,"Observations: The expert commentary highlights the climber's use of a specific technique, which involves placing the hands on the wall and then using the feet to push up and move the body. This is a key aspect of the technique, and the expert notes that the climber is using the feet to push up and move the body, which is a crucial part of the technique. The expert also notes that the climber is using the feet to push up and move the body, which is a crucial part of the technique.

Errors/Strengths: The expert notes that the climber is using the feet to push up and move the body, which is a crucial part of the technique. This is a strength, as it shows the climber is using the correct technique. The expert also notes that the climber is using the feet to push up and move the body, which is a crucial part of the technique. This is a strength, as it shows the climber is using the correct technique.

Skill Level: Intermediate Expert",Intermediate,False
bcee7f31-863d-479c-8c18-442f60ba8ab4,uniandes_bouldering_027_79,Novice,Novice,"Observations: The climber is using a technique known as ""bouldering"" on a large, colorful artificial rock wall. The expert commentary notes that the climber is using a ""very low"" grip, which is a key technique in bouldering. The climber is also using a ""very high"" hand placement, which is a common technique in bouldering. The climber is also using a ""very high"" foot placement, which is a common technique in bouldering. The climber is also using a ""very high"" body position, which is a common technique in bouldering.

Errors/Strengths: The expert notes that the climber is using a ""very low"" grip, which is a key technique in bouldering. This is a strength, as it allows the climber to maintain a low body position and reduce the risk of injury. The expert also notes that the climber is using a ""very high"" hand placement, which is a common technique in bouldering. This is a strength, as it allows the climber to maintain a high body position and increase the amount of time they can spend on the wall. The expert also notes that the climber is using a ""very high"" foot placement, which is a common technique in bouldering. This is a strength, as it allows the climber to maintain a high body position and increase the amount of time they can spend on the wall. The expert also notes",Expert,False,"Observations: The expert commentary highlights the climber's use of a wide variety of holds, including large, flat, and angular ones, as well as smaller, more delicate holds. The climber is seen using both hands and feet to maintain balance and control, and the use of a wide range of holds suggests a high level of technical skill. The climber's movements are fluid and precise, indicating a high level of control and confidence.

Errors/Strengths: The expert notes that the climber is using a wide range of holds, which is a strength. However, the expert also points out that the climber is not using the most advanced techniques, such as using a rope or harness, which would be a strength for a more advanced climber. The expert also notes that the climber is not using the most advanced techniques, such as using a rope or harness, which would be a strength for a more advanced climber.

Skill Level: Late Expert",Expert,False
74bc0655-0e3e-433f-b8f5-243764621fe5,uniandes_bouldering_030_25,Late Expert,Expert,"Observations: The climber is performing a dynamic bouldering move, likely a ""boulder"" or ""boulder"" style, on a large, colorful, and angled climbing wall. The climber is using a combination of body weight and handholds to ascend the wall. The climber's body is positioned in a way that suggests they are using their arms and legs to maintain balance and momentum. The climber is also using their feet to push against the wall and gain traction. The climber is wearing a black tank top and black pants.

Errors/Strengths: The expert notes that the climber is using a ""boulder"" style, which is a technique that involves using body weight and momentum to ascend the wall. The expert also notes that the climber is using their arms and legs to maintain balance and momentum. The expert also notes that the climber is using their feet to push against the wall and gain traction. The expert also notes that the climber is wearing a black tank top and black pants.

Skill Level: Late Expert",Expert,True,"Observations: The expert commentary highlights the climber's use of a ""very low grip"" technique, which is a key aspect of the bouldering style. The climber is observed to be using a ""very low grip"" technique, which is a key aspect of the bouldering style. The climber is also noted to be using a ""very low grip"" technique, which is a key aspect of the bouldering style. The climber is also observed to be using a ""very low grip"" technique, which is a key aspect of the bouldering style. The climber is also observed to be using a ""very low grip"" technique, which is a key aspect of the bouldering style. The climber is also observed to be using a ""very low grip"" technique, which is a key aspect of the bouldering style. The climber is also observed to be using a ""very low grip"" technique, which is a key aspect of the bouldering style. The climber is also observed to be using a ""very low grip"" technique, which is a key aspect of the bouldering style. The climber is also observed to be using a ""very low grip"" technique, which is a key aspect of the bouldering style.

Errors/Strengths: The expert notes that the climber is using a ""very low grip"" technique, which is a key aspect of the bouldering style. The clim",Expert,True
9f596c0c-2beb-45c9-a484-a21af02018d9,uniandes_bouldering_036_49,Late Expert,Expert,"Observations: The climber is performing a bouldering technique that involves a dynamic, multi-step movement. The expert notes that the climber is using a ""very strong"" and ""very precise"" technique, which is a key indicator of advanced skill. The climber is also shown using a ""very strong"" and ""very precise"" technique, which is a key indicator of advanced skill. The climber is also shown using a ""very strong"" and ""very precise"" technique, which is a key indicator of advanced skill.

Errors/Strengths: The expert notes that the climber is using a ""very strong"" and ""very precise"" technique, which is a key indicator of advanced skill. The climber is also shown using a ""very strong"" and ""very precise"" technique, which is a key indicator of advanced skill. The climber is also shown using a ""very strong"" and ""very precise"" technique, which is a key indicator of advanced skill.

Skill Level: Late Expert",Expert,True,"Observations: The expert commentary highlights the climber's use of a specific technique, which involves using the hand to grip the wall and then using the body to push up. The climber is also noted to be using a variety of holds, including those that are not directly on the wall. The expert also notes that the climber is using a technique that is not commonly seen in the video.
Errors/Strengths: The expert commentary contains several errors, including the claim that the climber is using a technique that is not commonly seen in the video. The commentary also contains a strength, which is the observation of the climber's use of a variety of holds.
Skill Level: Late Expert",Expert,True
72dbe20c-71f2-4a8e-8313-1bbd907c0e12,uniandes_bouldering_027_115,Novice,Novice,"Observations: The climber is using a technique known as ""bouldering"" on a large, colorful artificial rock wall. The expert notes that the climber is using a ""very low"" stance, which is a key aspect of the technique. The climber is also using a ""very high"" hand placement, which is a common technique in bouldering. The expert also notes that the climber is using a ""very high"" foot placement, which is another key aspect of the technique.

Errors/Strengths: The expert notes that the climber is using a ""very low"" stance, which is a key aspect of the technique. This is a strength, as it allows for a more stable and controlled movement. The expert also notes that the climber is using a ""very high"" hand placement, which is a common technique in bouldering. This is also a strength, as it allows for a more efficient use of the climber's body. The expert notes that the climber is using a ""very high"" foot placement, which is another key aspect of the technique. This is also a strength, as it allows for a more efficient use of the climber's body.

Skill Level: Late Expert",Expert,False,"Observations: The expert commentary highlights the climber's use of a specific technique, which involves placing a hand on a hold and then using the other hand to pull the body up, a method known as ""pulling up"" or ""pulling up with the other hand."" This technique is described as a key part of the climbing process. The expert also notes that the climber is using a variety of holds, including those that are not directly on the wall, which suggests a high level of skill and awareness of the climbing environment. The climber's ability to use the holds effectively and efficiently is a strong indicator of their skill level.

Errors/Strengths: The expert commentary does not mention any errors in technique or form. Instead, it focuses on the climber's skill and the effectiveness of their technique. The commentary is clear and concise, and it provides a detailed description of the climber's actions and the holds they are using. The expert's observation of the climber's technique is accurate and well-explained.

Skill Level: Late Expert",Expert,False
c99d1078-bf31-4eb2-8fb7-b6cf4d718f56,uniandes_bouldering_032_27,Intermediate Expert,Intermediate,"Observations: The climber is performing a dynamic, controlled movement on a large, colorful bouldering wall. The expert notes that the climber is using a ""very strong"" grip on the holds, which is a key aspect of the technique. The climber is also shown using a ""very strong"" pull, indicating a high level of strength and control. The climber's body position is stable and controlled, with a clear focus on the wall and the holds. The climber is also shown using a ""very strong"" pull, indicating a high level of strength and control.

Errors/Strengths: The expert notes that the climber is using a ""very strong"" grip on the holds, which is a key aspect of the technique. The climber is also shown using a ""very strong"" pull, indicating a high level of strength and control. The climber's body position is stable and controlled, with a clear focus on the wall and the holds. The climber is also shown using a ""very strong"" pull, indicating a high level of strength and control.

Skill Level: Late Expert",Expert,False,"Observations: The expert commentary highlights the climber's use of a specific technique, which involves placing a hand on a hold and then using the other hand to pull the body up, a method known as ""pulling up"" or ""pulling up with the other hand."" This technique is described as a key part of the climbing process. The expert also notes that the climber is using a variety of holds, including those that are not directly on the wall, which suggests a high level of skill and awareness of the climbing environment. The climber's movements are described as fluid and controlled, indicating a high level of proficiency.

Errors/Strengths: The expert commentary does not identify any specific errors in the climber's technique. Instead, it emphasizes the climber's skill and the effectiveness of the technique. The commentary also notes that the climber is using a variety of holds, which is a strength. The expert's observation of the climber's fluid and controlled movements is a strength.

Skill Level: Late Expert",Expert,False
e7a22254-2df7-4d27-a277-a3cbe6476462,uniandes_bouldering_026_77,Intermediate Expert,Intermediate,"Observations: The expert commentary highlights the climber's use of a ""very strong"" and ""very effective"" technique, specifically the ""use of the hand to pull the body up"" to achieve a ""very strong"" and ""very effective"" movement. The climber is also noted to be ""very strong"" and ""very effective"" in their technique, with a ""very strong"" and ""very effective"" body position. The climber is also noted to be ""very strong"" and ""very effective"" in their technique, with a ""very strong"" and ""very effective"" body position.

Errors/Strengths: The expert notes that the climber is ""very strong"" and ""very effective"" in their technique, but there is no mention of any errors in the technique. The expert also notes that the climber is ""very strong"" and ""very effective"" in their technique, with a ""very strong"" and ""very effective"" body position.

Skill Level: Late Expert",Expert,False,"Observations: The expert commentary highlights the climber's use of a ""very strong grip"" and ""a very strong pull"" to ascend the wall. The climber is also noted to be ""very confident"" and ""very focused"" on the climb. The climber is seen using a ""very strong pull"" to move up the wall, and the ""very strong grip"" is used to maintain balance and control. The climber is also seen using a ""very strong pull"" to move up the wall, and the ""very strong grip"" is used to maintain balance and control. The climber is also seen using a ""very strong pull"" to move up the wall, and the ""very strong grip"" is used to maintain balance and control.

Errors/Strengths: The expert notes that the climber is ""very confident"" and ""very focused"" on the climb, which is a strength. However, the expert also notes that the climber is ""not using the full range of their strength"" and is ""not using the full range of their strength"" to move up the wall. This is an error in the expert's assessment, as the climber is using a ""very strong pull"" and ""very strong grip"" to move up the wall, which is a sign of a high level of skill.

Skill Level: Late Expert",Expert,False
21a660db-de97-431c-911c-5e0d27a23cf0,uniandes_bouldering_033_10,Intermediate Expert,Intermediate,"Observations: The climber is using a technique known as ""bouldering"" on a large, colorful, and complex wall. The expert notes that the climber is using a ""very high"" and ""very low"" technique, which is a key aspect of the climb. The climber is also using a ""very high"" technique, which is a sign of a high level of skill. The climber is also using a ""very low"" technique, which is a sign of a high level of skill. The climber is also using a ""very high"" technique, which is a sign of a high level of skill. The climber is also using a ""very low"" technique, which is a sign of a high level of skill.

Errors/Strengths: The expert notes that the climber is using a ""very high"" technique, which is a sign of a high level of skill. The expert also notes that the climber is using a ""very low"" technique, which is a sign of a high level of skill. The expert also notes that the climber is using a ""very high"" technique, which is a sign of a high level of skill. The expert also notes that the climber is using a ""very low"" technique, which is a sign of a high level of skill. The expert also notes that the climber is using a ""very high"" technique, which is a sign of a high level of skill. The expert also",Expert,False,"Observations: The expert commentary highlights the climber's use of a specific technique, which involves using the hand to grip the wall and then using the feet to push off and move up the wall. The climber is also noted to be using a variety of handholds and footholds to move up the wall. The expert also notes that the climber is using a technique that involves using the body to generate momentum and to move up the wall.

Errors/Strengths: The expert commentary notes that the climber is using a technique that involves using the hand to grip the wall and then using the feet to push off and move up the wall. This is a common technique in bouldering, but the expert also notes that the climber is using a variety of handholds and footholds to move up the wall. This is a strength of the climber, as it shows that they are using a variety of techniques to move up the wall. The expert also notes that the climber is using a technique that involves using the body to generate momentum and to move up the wall. This is a strength of the climber, as it shows that they are using a variety of techniques to move up the wall.

Skill Level: Intermediate Expert",Intermediate,True
9580429c-539c-46e2-a100-aba20d6cc8e0,uniandes_bouldering_036_74,Late Expert,Expert,"Observations: The climber is performing a bouldering technique that involves a dynamic, multi-step movement. The expert notes that the climber is using a ""very strong"" and ""very efficient"" technique, which is a key indicator of advanced skill. The climber is also described as being ""very confident"" and ""very focused,"" suggesting a high level of mental control and experience. The climber is using a ""very strong"" technique, which is a key indicator of advanced skill. The climber is also described as being ""very confident"" and ""very focused,"" suggesting a high level of mental control and experience.

Errors/Strengths: The expert notes that the climber is using a ""very strong"" and ""very efficient"" technique, which is a key indicator of advanced skill. The climber is also described as being ""very confident"" and ""very focused,"" suggesting a high level of mental control and experience. The climber is using a ""very strong"" technique, which is a key indicator of advanced skill. The climber is also described as being ""very confident"" and ""very focused,"" suggesting a high level of mental control and experience.

Skill Level: Late Expert",Expert,True,"Observations: The expert commentary highlights the climber's use of a wide variety of holds, including those with different shapes and colors, and the use of a specific technique involving a handhold. The climber is seen using a handhold to assist in the climb, which is a common technique in bouldering. The climber is also seen using a different handhold to assist in the climb, which is a common technique in bouldering. The climber is also seen using a different handhold to assist in the climb, which is a common technique in bouldering.

Errors/Strengths: The expert notes that the climber is using a handhold to assist in the climb, which is a common technique in bouldering. The climber is also seen using a different handhold to assist in the climb, which is a common technique in bouldering. The climber is also seen using a different handhold to assist in the climb, which is a common technique in bouldering.

Skill Level: Intermediate Expert",Intermediate,False
5c6adb2f-6ea0-4cf1-8316-e7cd23b54b77,uniandes_bouldering_026_17,Novice,Novice,"Observations: The climber is using a dynamic, multi-point grip on the wall, with a focus on the upper body and core strength. The technique involves a controlled, deliberate movement, with the climber maintaining a stable posture and using the wall's structure to support their body. The climber is also shown using a variety of hand and foot placements to navigate the wall, demonstrating a high level of control and awareness.

Errors/Strengths: The expert notes that the climber is not using the full range of the wall's features, which could be a sign of a lack of experience. However, the climber's technique is strong, with a clear focus on body control and a stable posture. The expert also highlights the climber's ability to use the wall's structure effectively, which is a sign of a high level of skill.

Skill Level: Late Expert",Expert,False,"Observations:  
- The climber is using a variety of holds, including a large, purple, irregularly shaped hold and a green, banana-shaped hold.  
- The climber is using their hands to grip the holds, and their arms are extended to support their body weight.  
- The climber is using a combination of hand and foot holds to maintain their balance and stability.  
- The climber is using a variety of holds to navigate the wall, including a green, banana-shaped hold and a purple, irregularly shaped hold.  
- The climber is using a combination of hand and foot holds to maintain their balance and stability.  
- The climber is using a variety of holds to navigate the wall, including a green, banana-shaped hold and a purple, irregularly shaped hold.  
- The climber is using a combination of hand and foot holds to maintain their balance and stability.  
- The climber is using a variety of holds to navigate the wall, including a green, banana-shaped hold and a purple, irregularly shaped hold.  
- The climber is using a combination of hand and foot holds to maintain their balance and stability.  
- The climber is using a variety of holds to navigate the wall, including a green, banana-shaped hold and a purple, irregularly shaped hold.  
- The climber is using a combination of hand and foot holds to maintain their balance and stability.  
- The climber is using a variety",Unknown,False
dbb8c6c5-7156-43e8-8f27-f54e217360c1,uniandes_bouldering_026_95,Novice,Novice,"Observations: The climber is using a dynamic, multi-directional technique, with a focus on precise hand placement and body control. The movement is fluid and efficient, indicating a high level of skill. The climber is utilizing the full range of their body, including their legs and core, to maintain balance and momentum. The climber is also using a variety of handholds and footholds, demonstrating a strong understanding of the rock's structure and the ability to adapt to changing conditions.

Errors/Strengths: The expert notes that the climber is not using the full range of their body, which could be a sign of a lack of technique. However, the climber is also using a variety of handholds and footholds, which is a strength. The climber is also using a dynamic, multi-directional technique, which is a sign of a high level of skill.

Skill Level: Late Expert",Expert,False,"Observations: The expert commentary highlights the climber's use of a wide variety of holds, including large, flat, and rounded ones, as well as smaller, more complex holds. The climber is shown using a combination of hand and foot techniques, with a focus on using the hands to grip and pull up. The climber is also shown using a variety of holds, including those that are more difficult to reach, such as the large, flat, and rounded holds. The climber is also shown using a variety of holds, including those that are more difficult to reach, such as the large, flat, and rounded holds.

Errors/Strengths: The expert notes that the climber is using a variety of holds, including those that are more difficult to reach, such as the large, flat, and rounded holds. This is a strength, as it shows that the climber is using a variety of techniques to overcome the challenges of the climb. The expert also notes that the climber is using a variety of holds, including those that are more difficult to reach, such as the large, flat, and rounded holds. This is a strength, as it shows that the climber is using a variety of techniques to overcome the challenges of the climb.

Skill Level: Intermediate Expert",Intermediate,False
e8f2df2e-5d2d-4352-b06c-95554b1ecdb3,uniandes_bouldering_031_68,Late Expert,Expert,"Observations: The climber is performing a bouldering technique that involves a dynamic, multi-step sequence. The expert notes that the climber is using a combination of hand and foot placement to navigate the wall, with a focus on precise and controlled movements. The climber is also shown using a specific technique to transition from one hold to the next, which is a key aspect of advanced bouldering.

Errors/Strengths: The expert identifies a potential error in the climber's technique, specifically the use of a hand placement that may not be optimal for the current hold. However, the climber's overall form and control are praised, indicating a high level of skill and awareness. The expert also notes that the climber is demonstrating a strong understanding of the wall's structure and the importance of maintaining balance and stability.

Skill Level: Late Expert",Expert,True,"Observations: The expert commentary highlights the climber's use of a ""very wide range of holds"" and the ""use of a variety of holds"" to navigate the wall. The climber is observed to be ""using a variety of holds"" and ""using a wide range of holds"" to climb, indicating a high level of technical proficiency. The climber is also noted to be ""using a variety of holds"" and ""using a wide range of holds"" to climb, which suggests a high level of skill. The climber is also observed to be ""using a variety of holds"" and ""using a wide range of holds"" to climb, which suggests a high level of skill.

Errors/Strengths: The expert commentary notes that the climber is ""using a variety of holds"" and ""using a wide range of holds"" to climb, which is a strength. The expert also notes that the climber is ""using a variety of holds"" and ""using a wide range of holds"" to climb, which is a strength. The expert also notes that the climber is ""using a variety of holds"" and ""using a wide range of holds"" to climb, which is a strength. The expert also notes that the climber is ""using a variety of holds"" and ""using a wide range of holds"" to climb, which is a strength. The expert also notes that the climber is ""using a variety of holds"" and ""using a wide range of",Expert,True
8392e60f-6bb0-4e22-9936-5bbdd03f90ac,uniandes_bouldering_033_53,Intermediate Expert,Intermediate,"Observations: The climber is shown using a variety of holds, including those with different shapes and colors, to ascend the wall. The climber appears to be using a combination of hand and foot holds, and is moving up the wall in a controlled manner. The climber is also shown using a variety of holds, including those with different shapes and colors, to ascend the wall. The climber appears to be using a combination of hand and foot holds, and is moving up the wall in a controlled manner.

Errors/Strengths: The expert notes that the climber is using a variety of holds, including those with different shapes and colors, to ascend the wall. The climber appears to be using a combination of hand and foot holds, and is moving up the wall in a controlled manner. The climber is also shown using a variety of holds, including those with different shapes and colors, to ascend the wall. The climber appears to be using a combination of hand and foot holds, and is moving up the wall in a controlled manner.

Skill Level: Intermediate Expert",Intermediate,True,"Observations:  
- The climber is using a variety of holds, including those with a distinct shape and color, to ascend the wall.  
- The climber is using a handhold to grip the wall, and the hand is positioned in a way that suggests a secure hold.  
- The climber is using a foot to grip the wall, and the foot is positioned in a way that suggests a secure hold.  
- The climber is using a hand to grip the wall, and the hand is positioned in a way that suggests a secure hold.  
- The climber is using a foot to grip the wall, and the foot is positioned in a way that suggests a secure hold.  
- The climber is using a hand to grip the wall, and the hand is positioned in a way that suggests a secure hold.  
- The climber is using a foot to grip the wall, and the foot is positioned in a way that suggests a secure hold.  
- The climber is using a hand to grip the wall, and the hand is positioned in a way that suggests a secure hold.  

Errors/Strengths:  
- The climber is using a hand to grip the wall, and the hand is positioned in a way that suggests a secure hold.  
- The climber is using a foot to grip the wall, and the foot is positioned in a way that suggests a secure hold.  
- The climber is using a hand to grip the",Unknown,False
7b7365da-5cef-4fbc-8c9b-ab2987fddf0f,uniandes_bouldering_025_16,Novice,Novice,"Observations: The climber is using a dynamic, multi-point technique on a complex, colorful bouldering wall. The expert notes that the climber is using a ""very strong"" grip on the holds, which is a key indicator of advanced technique. The climber is also shown using a ""very strong"" grip on the holds, which is a key indicator of advanced technique. The climber is also shown using a ""very strong"" grip on the holds, which is a key indicator of advanced technique. The climber is also shown using a ""very strong"" grip on the holds, which is a key indicator of advanced technique. The climber is also shown using a ""very strong"" grip on the holds, which is a key indicator of advanced technique. The climber is also shown using a ""very strong"" grip on the holds, which is a key indicator of advanced technique. The climber is also shown using a ""very strong"" grip on the holds, which is a key indicator of advanced technique. The climber is also shown using a ""very strong"" grip on the holds, which is a key indicator of advanced technique.

Errors/Strengths: The expert notes that the climber is using a ""very strong"" grip on the holds, which is a key indicator of advanced technique. The climber is also shown using a ""very strong"" grip on the holds, which is a key indicator of advanced technique. The climber is also shown using",Expert,False,"Observations: The expert commentary highlights the climber's use of a wide variety of holds, including both standard and specialized grips. The climber is shown using a combination of hand and foot techniques, with a focus on precise hand placement and body positioning. The climber's movements are fluid and controlled, indicating a high level of skill. The use of a wide range of holds and techniques suggests a well-developed understanding of the sport.

Errors/Strengths: The expert notes that the climber is using a variety of holds, which is a strength. However, the commentary also points out that the climber is not using the most advanced techniques, which could be a potential error. The expert's observation that the climber is using a variety of holds is a strength, but the lack of advanced techniques is a potential error.

Skill Level: Late Expert",Expert,False
a698521a-4384-4829-bda1-5a29bb3782f1,uniandes_bouldering_037_55,Late Expert,Expert,"Observations: The climber is using a technique known as ""bouldering"" on a large, colorful, and angled rock wall. The expert notes that the climber is using a ""very low"" stance, which is a key aspect of the technique. The climber is also using a ""very low"" grip, which is a common technique in bouldering. The climber is also using a ""very low"" body position, which is a key aspect of the technique. The climber is also using a ""very low"" grip, which is a common technique in bouldering. The climber is also using a ""very low"" body position, which is a key aspect of the technique. The climber is also using a ""very low"" grip, which is a common technique in bouldering. The climber is also using a ""very low"" body position, which is a key aspect of the technique. The climber is also using a ""very low"" grip, which is a common technique in bouldering. The climber is also using a ""very low"" body position, which is a key aspect of the technique. The climber is also using a ""very low"" grip, which is a common technique in bouldering. The climber is also using a ""very low"" body position, which is a key aspect of the technique. The climber is also using a ""very low"" grip, which is a common",Expert,True,"Observations: The expert commentary highlights the climber's use of a specific technique, which involves using a handhold to pull the body up the wall. This is a key aspect of the bouldering technique being demonstrated. The climber is also shown using a variety of holds, including those that are shaped like watermelon and other colorful, uniquely designed holds. The expert notes that the climber is using a technique that is not only effective but also efficient, which is a sign of a high level of skill.

Errors/Strengths: The expert notes that the climber is using a technique that is not only effective but also efficient, which is a sign of a high level of skill. This is a strength of the climber's technique. The expert also notes that the climber is using a variety of holds, which is a strength of the climber's technique. The expert does not mention any errors in the climber's technique.

Skill Level: Late Expert",Expert,True
fdbd51f1-b270-4a4c-b3c5-7b660d647cc1,uniandes_bouldering_033_57,Intermediate Expert,Intermediate,"Observations: The climber is using a technique known as ""bouldering"" on a large, colorful rock wall. The expert notes that the climber is using a ""very low"" stance, which is a key aspect of the technique. The climber is also using a ""very high"" hand placement, which is a common technique in bouldering. The climber is also using a ""very high"" foot placement, which is another key aspect of the technique. The climber is also using a ""very high"" body position, which is a common technique in bouldering.

Errors/Strengths: The expert notes that the climber is using a ""very low"" stance, which is a key aspect of the technique. The expert also notes that the climber is using a ""very high"" hand placement, which is a common technique in bouldering. The expert also notes that the climber is using a ""very high"" foot placement, which is another key aspect of the technique. The expert also notes that the climber is using a ""very high"" body position, which is a common technique in bouldering.

Skill Level: Late Expert",Expert,False,"Observations: The expert commentary highlights the climber's use of a specific technique, which involves placing a hand on a hold and then using the other hand to pull the body up, a method that is particularly effective for climbing on a wall with a large number of holds. The climber is also noted to be using a variety of holds, including those that are not directly on the wall, which suggests a high level of skill and adaptability. The climber's ability to use the holds effectively and efficiently is a key indicator of their skill level.

Errors/Strengths: The expert notes that the climber's technique is not always perfect, as they are sometimes seen using the wrong hold, which is a common mistake for beginners. However, the climber's ability to adapt and use the holds effectively is a strength. The expert also points out that the climber's technique is not always consistent, which is a sign of a developing skill level.

Skill Level: Intermediate Expert",Intermediate,True
375a31e4-be87-4677-a6e2-7b99dc9e2fff,uniandes_bouldering_037_17,Late Expert,Expert,"Observations: The climber is performing a dynamic, multi-step sequence on a large, colorful bouldering wall. The sequence involves a series of movements, including a significant upward pull, a transition to a handstand, and a final descent. The climber's body is in a controlled, athletic position, demonstrating a high degree of coordination and strength. The wall is a complex structure with numerous holds, and the climber is using a combination of body weight and handholds to progress.

Errors/Strengths: The expert notes that the climber's body is in a ""very good"" position, indicating a strong foundation. However, the expert also points out that the climber is ""not using the wall as much as they could,"" suggesting a potential inefficiency in utilizing the full range of the wall's features. The expert also highlights that the climber is ""not using the wall as much as they could,"" which is a key point in the analysis.

Skill Level: Late Expert",Expert,True,"Observations: The expert commentary highlights the climber's use of a wide variety of holds, including both standard and specialized shapes. The climber is seen using a combination of hand and foot techniques, with a focus on precise hand placement and body positioning. The climber's movements are fluid and efficient, indicating a high level of control and confidence. The use of different hold types and the ability to navigate complex routes suggest a well-developed technique.

Errors/Strengths: The expert notes that the climber's technique is not perfect, with some minor errors in hand placement and body positioning. However, these are not significant enough to hinder the overall performance. The climber's ability to maintain balance and control on the wall is a strength, and the use of a wide range of holds is a significant advantage.

Skill Level: Late Expert",Expert,True
f772c3be-e068-4bd1-8708-df269694eee0,uniandes_bouldering_023_10,Intermediate Expert,Intermediate,"Observations: The climber is performing a bouldering technique that involves using a combination of handholds and footholds to ascend a large, colorful climbing wall. The climber is shown in various stages of the climb, including reaching for holds, maintaining balance, and transitioning between different sections of the wall. The wall itself is a complex structure with numerous holds of various shapes and colors, suggesting a challenging and dynamic climbing environment.

Errors/Strengths: The expert notes that the climber is using a ""very strong"" technique, which is a sign of a high level of skill. The climber is also shown using a ""very strong"" technique, which is a sign of a high level of skill. The expert also notes that the climber is using a ""very strong"" technique, which is a sign of a high level of skill. The expert also notes that the climber is using a ""very strong"" technique, which is a sign of a high level of skill.

Skill Level: Late Expert",Expert,False,"Observations: The expert commentary highlights the climber's use of a specific technique, which involves using the hand to pull the body up the wall. This is a key point in the analysis of the climber's technique. The expert notes that the climber is using the hand to pull the body up, which is a technique that requires a high level of control and coordination. The expert also notes that the climber is using the hand to pull the body up, which is a technique that requires a high level of control and coordination. The expert also notes that the climber is using the hand to pull the body up, which is a technique that requires a high level of control and coordination.

Errors/Strengths: The expert notes that the climber is using the hand to pull the body up, which is a technique that requires a high level of control and coordination. This is a strength of the climber's technique. The expert also notes that the climber is using the hand to pull the body up, which is a technique that requires a high level of control and coordination. This is a strength of the climber's technique.

Skill Level: Late Expert",Expert,False
b285942a-a30b-4d4b-a753-8a29b951c1cb,uniandes_bouldering_026_48,Intermediate Expert,Intermediate,"Observations: The climber is performing a bouldering technique on a large, colorful rock wall. The expert commentary notes that the climber is using a ""very strong"" grip on the holds, which is a key aspect of the technique. The climber is also shown using a ""very strong"" pull, which is a crucial component of the move. The expert also notes that the climber is ""very strong"" and ""very confident"" in their ability to perform the move.

Errors/Strengths: The expert notes that the climber is ""very strong"" and ""very confident"" in their ability to perform the move, which is a strength. However, the expert also notes that the climber is ""very strong"" and ""very confident"" in their ability to perform the move, which is a strength. The expert also notes that the climber is ""very strong"" and ""very confident"" in their ability to perform the move, which is a strength. The expert also notes that the climber is ""very strong"" and ""very confident"" in their ability to perform the move, which is a strength.

Skill Level: Late Expert",Expert,False,"Observations:  
- The climber is using a variety of holds, including those with different shapes and colors, to ascend the wall.  
- The climber's hands are actively engaged with the holds, indicating a focus on grip and control.  
- The climber is using a combination of hand and foot holds to maintain balance and progress.  
- The climber is moving up the wall, demonstrating a progression in the climb.  

Errors/Strengths:  
- The expert notes that the climber is using a ""very basic"" technique, which suggests a lack of advanced skill.  
- The expert also points out that the climber is using a ""very basic"" technique, which is a strength in the context of the video.  

Skill Level: Novice",Novice,False
4809c7a1-362a-47f2-8e3c-9bfd0cd9ea3f,uniandes_bouldering_027_62,Novice,Novice,"Observations: The climber is performing a bouldering move on a large, colorful rock wall. The expert commentary notes that the climber is using a technique that involves a ""very strong"" grip on the holds, which is a key aspect of the move. The climber is also described as being ""very focused"" and ""very strong"" in their movements, indicating a high level of physical control and concentration.

Errors/Strengths: The expert notes that the climber is ""not using the full range of their strength"" in the move, which is a potential error. However, the climber's overall technique is praised for being ""very strong"" and ""very focused,"" which are positive attributes.

Skill Level: Late Expert",Expert,False,"Observations: The expert commentary highlights the climber's use of a wide range of handholds and footholds, demonstrating a high degree of technical proficiency. The climber is seen using a variety of holds, including those with different shapes and sizes, and is shown to be using a combination of hand and foot techniques. The climber's movements are fluid and efficient, indicating a high level of skill and control. The climber is also shown to be using a variety of holds, including those with different shapes and sizes, and is shown to be using a combination of hand and foot techniques. The climber's movements are fluid and efficient, indicating a high level of skill and control.

Errors/Strengths: The expert notes that the climber is using a variety of holds, including those with different shapes and sizes, and is shown to be using a combination of hand and foot techniques. The climber's movements are fluid and efficient, indicating a high level of skill and control. The climber is also shown to be using a variety of holds, including those with different shapes and sizes, and is shown to be using a combination of hand and foot techniques. The climber's movements are fluid and efficient, indicating a high level of skill and control.

Skill Level: Late Expert",Expert,False
0c5bdd21-9828-43de-8d18-f9d346e3ed90,uniandes_bouldering_025_85,Novice,Novice,"Observations: The climber is using a technique known as ""take separator,"" which involves using the hand to pull the body up the wall. The climber is also using a technique known as ""take separator"" to pull the body up the wall. The climber is also using a technique known as ""take separator"" to pull the body up the wall.

Errors/Strengths: The expert notes that the climber is using a technique known as ""take separator"" to pull the body up the wall. This is a strength, as it is a technique that requires a high level of control and coordination. The expert also notes that the climber is using a technique known as ""take separator"" to pull the body up the wall. This is a strength, as it is a technique that requires a high level of control and coordination.

Skill Level: Late Expert",Expert,False,"Observations: The expert commentary highlights the climber's use of a wide variety of holds, including those with different shapes and sizes, and the climber's ability to use them effectively. The climber is also shown using a variety of hand and foot placements to maintain balance and control. The climber's movements are fluid and precise, indicating a high level of skill.

Errors/Strengths: The expert notes that the climber is using a variety of holds, which is a strength. However, the expert also notes that the climber is not using the most advanced techniques, which is a potential error. The expert also notes that the climber is using a variety of hand and foot placements, which is a strength.

Skill Level: Late Expert",Expert,False
3b37049c-f7ba-46bf-955f-0485f23ef54d,uniandes_bouldering_037_22,Late Expert,Expert,"Observations: The climber is using a technique known as ""take separator,"" which involves a specific hand placement on the wall to control the body's position and maintain balance. The climber is shown in various stages of the move, from preparing to take the separator to executing the move and then falling safely to the mat. The wall is a large, colorful, and complex structure with numerous holds, indicating a challenging climb.

Errors/Strengths: The expert notes that the climber is not using the ""take separator"" correctly, as the hand placement is not in the correct position. This is a significant error, as the correct technique requires the hand to be placed on the wall in a specific way to control the body's movement. The expert also notes that the climber is not using the ""take separator"" correctly, which is a key technique in bouldering. This is a significant error, as the correct technique requires the hand to be placed on the wall in a specific way to control the body's movement. The expert also notes that the climber is not using the ""take separator"" correctly, which is a key technique in bouldering. This is a significant error, as the correct technique requires the hand to be placed on the wall in a specific way to control the body's movement.

Skill Level: Late Expert",Expert,True,"Observations: The expert commentary highlights the climber's use of a ""very strong grip"" and ""a very strong pull"" to maintain balance and control. The climber is also noted to be ""very close to the wall"" and ""using a very strong pull"" to maintain balance. The climber is also noted to be ""very close to the wall"" and ""using a very strong pull"" to maintain balance. The climber is also noted to be ""very close to the wall"" and ""using a very strong pull"" to maintain balance.

Errors/Strengths: The expert notes that the climber is ""very close to the wall"" and ""using a very strong pull"" to maintain balance. This is a strength, as it indicates the climber is using proper technique and is not relying on the wall for support. The expert also notes that the climber is ""very close to the wall"" and ""using a very strong pull"" to maintain balance. This is a strength, as it indicates the climber is using proper technique and is not relying on the wall for support.

Skill Level: Intermediate Expert",Intermediate,False
2944c724-8a19-4ff8-9626-48f00bbddd26,uniandes_bouldering_026_16,Novice,Novice,"Observations: The climber is using a technique known as ""bouldering"" on a large, colorful rock wall. The expert notes that the climber is using a ""very low"" stance, which is a key aspect of the technique. The climber is also using a ""very low"" grip, which is a common technique in bouldering. The climber is also using a ""very low"" body position, which is a key aspect of the technique. The climber is also using a ""very low"" grip, which is a common technique in bouldering. The climber is also using a ""very low"" body position, which is a key aspect of the technique. The climber is also using a ""very low"" grip, which is a common technique in bouldering. The climber is also using a ""very low"" body position, which is a key aspect of the technique. The climber is also using a ""very low"" grip, which is a common technique in bouldering. The climber is also using a ""very low"" body position, which is a key aspect of the technique. The climber is also using a ""very low"" grip, which is a common technique in bouldering. The climber is also using a ""very low"" body position, which is a key aspect of the technique. The climber is also using a ""very low"" grip, which is a common technique in b",Expert,False,"Observations:  
- The climber is using a variety of holds, including a prominent purple hold and a yellow one, to ascend the wall.  
- The climber's hands are positioned on the holds, indicating active engagement with the wall.  
- The climber is using a combination of hand and foot holds to maintain balance and progress.  
- The climber is using a variety of holds, including a prominent purple hold and a yellow one, to ascend the wall.  
- The climber's hands are positioned on the holds, indicating active engagement with the wall.  
- The climber is using a combination of hand and foot holds to maintain balance and progress.  
- The climber is using a variety of holds, including a prominent purple hold and a yellow one, to ascend the wall.  
- The climber's hands are positioned on the holds, indicating active engagement with the wall.  
- The climber is using a combination of hand and foot holds to maintain balance and progress.  

Errors/Strengths:  
- The expert notes that the climber is using a variety of holds, including a prominent purple hold and a yellow one, to ascend the wall.  
- The climber's hands are positioned on the holds, indicating active engagement with the wall.  
- The climber is using a combination of hand and foot holds to maintain balance and progress.  
- The climber is using a variety of holds, including a prominent purple hold and a",Expert,False
7f1b552d-4ccf-43aa-baca-9b1de566b232,uniandes_bouldering_031_15,Late Expert,Expert,"Observations: The climber is using a technique known as ""bouldering"" on a large, colorful artificial rock wall. The expert notes that the climber is using a ""very low"" grip, which is a key technique in bouldering. The climber is also using a ""very high"" hand placement, which is a common technique in bouldering. The climber is also using a ""very high"" foot placement, which is a common technique in bouldering. The climber is also using a ""very high"" body position, which is a common technique in bouldering.

Errors/Strengths: The expert notes that the climber is using a ""very low"" grip, which is a key technique in bouldering. This is a strength, as it allows the climber to maintain a low body position and avoid falling. The expert also notes that the climber is using a ""very high"" hand placement, which is a common technique in bouldering. This is a strength, as it allows the climber to maintain a high body position and avoid falling. The expert also notes that the climber is using a ""very high"" foot placement, which is a common technique in bouldering. This is a strength, as it allows the climber to maintain a high body position and avoid falling. The expert also notes that the climber is using a ""very high"" body position, which is a common technique in bould",Expert,True,"Observations: The expert commentary highlights the climber's use of a ""very wide"" and ""very long"" reach, which is a key technique for bouldering. The climber is seen using a ""very long"" reach to access the ""very long"" route, indicating a high level of technical skill. The climber is also seen using a ""very long"" reach to access the ""very long"" route, which is a key technique for bouldering. The climber is also seen using a ""very long"" reach to access the ""very long"" route, which is a key technique for bouldering.

Errors/Strengths: The expert notes that the climber is using a ""very long"" reach to access the ""very long"" route, which is a key technique for bouldering. This is a strength, as it demonstrates a high level of technical skill. The expert also notes that the climber is using a ""very long"" reach to access the ""very long"" route, which is a key technique for bouldering. This is a strength, as it demonstrates a high level of technical skill.

Skill Level: Late Expert",Expert,True
e873883e-460c-403a-bd08-3cd1e9c69bc3,uniandes_bouldering_022_31,Novice,Novice,"Observations: The climber is using a dynamic, multi-step technique involving a combination of hand and foot placement. The climber is shown in various stages of the climb, including a handstand and a transition to a new handhold. The climber is using a variety of holds, including both large and small holds, and is moving from one hold to the next with a fluid motion. The climber is also shown using a technique that involves a handstand and a transition to a new handhold.

Errors/Strengths: The expert notes that the climber is using a technique that involves a handstand and a transition to a new handhold. This is a complex technique that requires a high level of skill and control. The expert also notes that the climber is using a variety of holds, including both large and small holds, and is moving from one hold to the next with a fluid motion. This indicates a high level of skill and control.

Skill Level: Late Expert",Expert,False,"Observations: The expert commentary highlights the climber's use of a wide variety of holds, including both standard and specialized shapes. The climber is seen using a combination of hand and foot placements, with a focus on utilizing the full range of available holds. The climber's movements are fluid and efficient, indicating a high level of control and confidence. The climber is also shown using a variety of holds, including those that are more complex or require more strength, suggesting a high level of skill.

Errors/Strengths: The expert notes that the climber is using a variety of holds, which is a strength. However, the expert also points out that the climber is not using the most advanced holds, which could be a potential error. The expert also notes that the climber is using a variety of holds, which is a strength.

Skill Level: Late Expert",Expert,False
ee7aaa96-d090-432a-9c8c-92bb7ad4f22e,uniandes_bouldering_033_17,Intermediate Expert,Intermediate,"Observations: The climber is performing a bouldering technique on a large, colorful, and complex wall. The expert notes that the climber is using a ""very strong"" grip, which is a key aspect of the technique. The climber is also shown using a ""very strong"" pull, which is a crucial component of the move. The climber is also shown using a ""very strong"" push, which is another essential part of the technique. The climber is also shown using a ""very strong"" pull, which is a crucial component of the move. The climber is also shown using a ""very strong"" push, which is another essential part of the technique. The climber is also shown using a ""very strong"" pull, which is a crucial component of the move. The climber is also shown using a ""very strong"" push, which is another essential part of the technique. The climber is also shown using a ""very strong"" pull, which is a crucial component of the move. The climber is also shown using a ""very strong"" push, which is another essential part of the technique. The climber is also shown using a ""very strong"" pull, which is a crucial component of the move. The climber is also shown using a ""very strong"" push, which is another essential part of the technique. The climber is also shown using a ""very strong"" pull, which is a crucial component of the move",Expert,False,"Observations: The expert commentary highlights the climber's use of a specific technique, which involves using the hand to pull the body up the wall. This is a key point in the analysis of the climber's technique. The expert also notes that the climber is using a specific hand position, which is a crucial detail for understanding the technique. The commentary also mentions that the climber is using a specific type of grip, which is another important detail for understanding the technique.

Errors/Strengths: The expert commentary is accurate in its description of the technique. The expert correctly identifies the use of the hand to pull the body up the wall and the specific hand position. The expert also correctly identifies the type of grip being used. The commentary is not incorrect in its description of the technique.

Skill Level: Intermediate Expert",Intermediate,True
d02f8c02-4a46-4284-a9c6-1d1c169be7c1,uniandes_bouldering_023_48,Novice,Novice,"Observations: The climber is performing a bouldering move on a large, colorful rock wall. The expert commentary notes that the climber is using a ""very low"" stance, which is a key technique for stability. The climber is also described as ""very strong"" and ""very confident"" in their ability to control the movement. The expert also mentions that the climber is ""very good at using the wall"" and is ""very good at using the wall"" to their advantage.

Errors/Strengths: The expert notes that the climber is ""very good at using the wall"" and is ""very good at using the wall"" to their advantage. This suggests that the climber is highly skilled and has a strong understanding of the wall's features. The expert also notes that the climber is ""very strong"" and ""very confident"" in their ability to control the movement, which is a sign of a high level of skill.

Skill Level: Late Expert",Expert,False,"Observations: The expert commentary highlights the climber's use of a wide variety of holds, including both standard and specialized shapes, and their ability to navigate the wall with confidence. The climber is seen using a combination of hand and foot techniques, and the use of a wide range of holds suggests a high level of technical proficiency. The climber's ability to maintain balance and control is evident, and the use of a wide range of holds indicates a high level of skill.

Errors/Strengths: The expert notes that the climber is using a wide range of holds, which is a strength. However, the expert also points out that the climber is not using the most advanced techniques, which is a potential error. The expert also notes that the climber is using a variety of holds, which is a strength.

Skill Level: Late Expert",Expert,False
