clip_id,take_folder,ground_truth,exo_full_answer,exo_predicted,exo_correct,ego_full_answer,ego_predicted,ego_correct
586597cc-59c5-45d5-9596-0b6506d9c0ba,uniandes_bouldering_037_38,Late Expert,"Observations: The person is hanging from a rock climbing wall, with their feet off the ground. They are using their arms to maintain balance and control their movement. The person's body position is stable, and they are using proper technique to climb the wall.
Errors: There are no apparent errors in the person's movement.
Skill Level: Late Expert",Late Expert,True,"Observations: The person is climbing a rock wall, using their hands to grip the rocks and their feet to maintain balance. They are wearing a harness and using a rope to secure their ascent.
Errors: The person's feet are not positioned correctly on the rock, which could lead to a loss of balance and increase the risk of falling.
Skill Level: Novice",Novice,False
9ceee09a-ab19-4463-baac-0ed48d21827e,uniandes_bouldering_024_44,Novice,"Observations: The person is climbing a rock wall with a focus on their hands and feet. They are using their arms and legs to maintain balance and control while moving up the wall. The person appears to be in a comfortable and steady position.
Errors: There are no apparent errors in the person's technique or body position.
Skill Level: Intermediate Expert",Intermediate Expert,False,"Observations: The person is climbing a rock wall with their hands, using their feet to maintain balance. They are wearing a helmet for safety.
Errors: The person is not using a rope to secure their ascent, which could be a safety concern.
Skill Level: Novice",Novice,True
08f0616c-d3c4-414c-a492-d8d157872915,uniandes_bouldering_035_53,Early Expert,"Observations: The person is climbing a rock wall, with their feet on the wall and their hands on the wall. They are using their body to balance and maintain their position.
Errors: The person is not using a rope or harness to secure their ascent, which could be a safety concern.
Skill Level: Novice",Novice,False,"Observations: The person is climbing a rock wall, using their hands to grip the rocks and their feet to maintain balance. They are wearing a helmet for safety.
Errors: The person's feet are not positioned correctly, as they are not on the rock wall.
Skill Level: Novice",Novice,False
5f1dd7a9-18b5-400a-a3de-1c30f547235e,uniandes_bouldering_027_19,Early Expert,"Observations: The person is hanging from a rock climbing wall, with their feet on the wall and their hands on the wall. They are using their arms to pull themselves up the wall.
Errors: The person is not using their legs to climb the wall, which is a common technique in rock climbing.
Skill Level: Novice",Novice,False,"Observations: The person is climbing a rock wall with their feet on the wall and their hands on the rock. They are using their body weight to pull themselves up the wall.
Errors: The person is not using their feet to climb the wall, which is a common technique for rock climbing.
Skill Level: Novice",Novice,False
baf283a8-4747-45f1-9c78-241003a8f1b5,uniandes_bouldering_034_56,Intermediate Expert,"Observations: The person is hanging from a rock climbing wall, with their feet on the wall and their body positioned in a way that allows them to climb upwards. They are using their arms to pull themselves up the wall.
Errors: The person's feet are not positioned correctly on the wall, which could make it difficult for them to maintain balance and control while climbing.
Skill Level: Novice",Novice,False,"Observations: The person is climbing a rock wall with their feet on the wall and their hands on the rock. They are using their body weight to pull themselves up the wall.
Errors: The person is not using their feet to climb the wall, which is a common technique for rock climbing.
Skill Level: Novice",Novice,False
ea2d7015-0bf2-422c-b6ac-ebcf88fef619,uniandes_bouldering_025_13,Novice,"Observations: The person is climbing a rock wall, using their hands to grip the rocks and their feet to maintain balance. They are wearing a helmet for safety.
Errors: The person is not using a rope to secure their ascent, which could be a safety concern.
Skill Level: Novice",Novice,True,"Observations: The person is holding onto a rock climbing wall with their right hand, and their left hand is positioned on the wall. They are wearing a red shirt and appear to be in a gym.
Errors: The person's left hand is not positioned correctly on the wall, as it is not in the correct position for rock climbing.
Skill Level: Novice",Novice,True
0dd0e0b5-cbd2-42d3-bc00-64375f14f374,uniandes_bouldering_032_81,Intermediate Expert,"Observations: The person is climbing a rock wall with their hands and feet, using their body to balance and maintain their position. They are wearing a helmet for safety.
Errors: The person is not using a rope to secure their ascent, which could be a safety concern.
Skill Level: Intermediate Expert",Intermediate Expert,True,"Observations: The person is holding onto a rock climbing wall with both hands, and their body is positioned in a way that suggests they are in the process of climbing. They are likely using their arms and legs to maintain balance and control while ascending the wall.
Errors: There are no apparent errors in the person's movement.
Skill Level: Intermediate Expert",Intermediate Expert,True
1088fd1c-1562-4ee5-b85c-ceb59bf85f20,uniandes_bouldering_035_28,Early Expert,"Observations: The person is performing a climbing activity, with their body positioned in a way that allows them to reach the top of the wall. They are using their arms and legs to maintain balance and control while climbing.
Errors: There are no apparent errors in the person's technique.
Skill Level: Late Expert",Late Expert,False,"Observations: The person is holding a rock climbing grip and is in the process of climbing a rock wall. They are using their arms to pull themselves up the wall.
Errors: The person is not using their legs to climb the wall, which is a common mistake in rock climbing.
Skill Level: Novice",Novice,False
1c4f1db1-70bb-47e6-8d1f-00e924aa0a98,uniandes_bouldering_033_38,Intermediate Expert,"Observations: The person is performing a climbing activity, with their body positioned in a way that allows them to reach the top of the wall. They are using their arms and legs to maintain balance and control while climbing.
Errors: There are no apparent errors in the person's technique.
Skill Level: Late Expert",Late Expert,False,"Observations: The person is holding onto a rock climbing wall with their right hand, and their left hand is positioned on the wall. They are wearing a yellow shirt and appear to be in a dark room.
Errors: The person's left hand is not positioned correctly on the wall, as it is not in the correct position for rock climbing.
Skill Level: Novice",Novice,False
b92ec0ad-020b-4fed-87bf-002eaaa9a8ec,uniandes_bouldering_022_26,Late Expert,"Observations: The person is climbing a rock wall with a rope, using their hands and feet to maintain balance and control. They are wearing a blue shirt and black pants, and their body position is focused on the task at hand.
Errors: The person's feet are not positioned correctly on the rock wall, which could lead to a loss of balance and control.
Skill Level: Novice",Novice,False,"Observations: The person is climbing a rock wall with their feet on the wall and their hands on the rock. They are using their body weight to pull themselves up the wall.
Errors: The person is not using their feet to climb the wall, which is a common technique for rock climbing.
Skill Level: Novice",Novice,False
d6462a6d-44d4-43eb-a0d9-11df808ef412,uniandes_bouldering_034_94,Early Expert,"Observations: The person is climbing a rock wall with a focus on their hands and feet. They are using their arms and legs to maintain balance and control while moving up the wall. The person appears to be in a comfortable and steady position.
Errors: There are no apparent errors in the person's movement.
Skill Level: Intermediate Expert",Intermediate Expert,False,"Observations: The person is climbing a rock wall with their hands, using their fingers to grip the rocks. They are wearing a green shirt and appear to be in good physical shape. The climbing wall is made of various colored rocks, and the person is moving upwards.
Errors: The person's technique seems to be a bit awkward, as they are not using their feet to climb the wall. They are also not using any safety equipment, such as a harness or rope.
Skill Level: Novice",Novice,False
b3a28e5b-906f-40e0-9428-902c81a9cc55,uniandes_bouldering_027_20,Early Expert,"Observations: The person is hanging from a rock climbing wall, with their feet on the wall and their hands on the wall. They are using their arms to pull themselves up the wall.
Errors: The person is not using their legs to climb the wall, which is a common technique in rock climbing.
Skill Level: Novice",Novice,False,"Observations: The person is holding onto a rock climbing wall with their hands, and they are in the process of climbing. They are using their arms to pull themselves up the wall.
Errors: The person's technique is not very precise, and they are not using their legs to climb.
Skill Level: Novice",Novice,False
b285942a-a30b-4d4b-a753-8a29b951c1cb,uniandes_bouldering_026_48,Intermediate Expert,"Observations: The person is hanging from a rock climbing wall, with their feet on the wall and their hands on the wall. They are using their arms to pull themselves up the wall.
Errors: The person is not using their legs to climb the wall, which is a common technique in rock climbing.
Skill Level: Novice",Novice,False,"Observations: The person is climbing a rock wall with their hands, using their fingers to grip the rock. They are wearing a wristband and have a tattoo on their arm. The person is in a crouched position, with their feet on the ground.
Errors: The person's feet are not positioned correctly on the ground, which could affect their balance and stability while climbing.
Skill Level: Novice",Novice,False
0a184bbf-43bf-4d02-bc32-f8989158446a,uniandes_bouldering_023_42,Novice,"Observations: The person is climbing a rock wall with their hands and feet, using their body to balance and maintain their position. They are wearing a black shirt and black pants.
Errors: The person is not using a rope or harness to secure their ascent, which could be a safety concern.
Skill Level: Early Expert",Early Expert,False,"Observations: The person is climbing a rock wall, using their hands to grip the wall and their feet to maintain balance. They are wearing a harness and using a rope to secure their ascent.
Errors: The person's feet are not positioned correctly on the wall, which could lead to a loss of balance and increased risk of falling.
Skill Level: Novice",Novice,True
0ed9a2ce-0e62-43f9-a7e1-37e5a0b89fcc,uniandes_bouldering_033_60,Intermediate Expert,"Observations: The person is performing a climbing activity, with their body positioned on a rock wall. They are using their hands to grip the wall and their feet to maintain balance. The person appears to be in a comfortable and controlled position.
Errors: There are no apparent errors in the person's movement.
Skill Level: Intermediate Expert",Intermediate Expert,True,"Observations: The person is climbing a rock wall, using their hands and feet to grip and balance. They are wearing a harness and using a rope to secure their ascent. The person is also wearing a helmet for safety.
Errors: The person is not using a proper climbing technique, such as the ""foot-lock"" or ""jug"" technique, which would allow them to climb more efficiently.
Skill Level: Novice",Novice,False
97b78075-0a0c-4198-bc78-b08a2c92b0aa,uniandes_bouldering_027_56,Novice,"Observations: The person is climbing a rock wall with a focus on their hands and feet. They are using their arms and legs to maintain balance and control while moving up the wall. The person appears to be in a comfortable and confident position.
Errors: There are no apparent errors in the person's movement.
Skill Level: Intermediate Expert",Intermediate Expert,False,"Observations: The person is performing a rock climbing activity, with their feet positioned on a rock climbing wall. They are using their hands to hold onto the wall and are in the process of climbing up.
Errors: The person's feet are not positioned correctly on the rock climbing wall, which could lead to a loss of balance and difficulty in climbing.
Skill Level: Novice",Novice,True
c6e1946e-cd52-43ee-ac5c-acb609d821d6,uniandes_bouldering_035_98,Early Expert,"Observations: The person is climbing a rock wall, using their hands and feet to maintain balance and control. They are wearing a black shirt and black pants, and their body position is focused on the task at hand.
Errors: The person's feet are not positioned correctly on the rock wall, which could lead to a loss of balance and control.
Skill Level: Novice",Novice,False,"Observations: The person is climbing a rock wall with their hands, using their feet to maintain balance. They are wearing a black shirt and appear to be in a gym. The climbing wall is colorful and has various shapes and sizes.
Errors: The person's feet are not positioned correctly, which could lead to a loss of balance and increase the risk of falling.
Skill Level: Novice",Novice,False
5d5d169f-3cfa-47da-947d-ec7a93178a59,uniandes_bouldering_029_41,Novice,"Observations: The person is climbing a rock wall with their hands and feet, using their body to balance and maintain their position. They are wearing a helmet for safety.
Errors: The person is not using a rope to secure their ascent, which could be a safety concern.
Skill Level: Intermediate Expert",Intermediate Expert,False,"Observations: The person is climbing a rock wall, using their hands to grip the rocks and their feet to maintain balance. They are wearing a harness and using a rope to secure their ascent.
Errors: The person is not using their feet to maintain balance, which could lead to a loss of control and increase the risk of falling.
Skill Level: Novice",Novice,True
48c635f3-ef0c-436b-94dc-9fca68c779b7,uniandes_bouldering_034_98,Early Expert,"Observations: The person is performing a climbing activity on a rock wall. They are using their arms and legs to maintain balance and control while climbing. The person is wearing a black shirt and blue shorts.
Errors: The person is not using a rope to secure their climb, which could be a safety concern.
Skill Level: Late Expert",Late Expert,False,"Observations: The person is climbing a rock wall with their hands, using their feet to maintain balance. They are wearing a harness and using a rope to secure their ascent. The person is moving up the wall with a steady pace, and their body position is well-aligned with the rock.
Errors: There are no apparent errors in the person's movement.
Skill Level: Late Expert",Late Expert,False
841c5354-3711-45ce-a226-3d7ba0e6b3df,uniandes_bouldering_030_60,Late Expert,"Observations: The person is hanging from a rock climbing wall, with their feet on the wall and their body positioned in a way that allows them to climb upwards. They are using their arms to maintain balance and control their movement.
Errors: The person's feet are not positioned correctly on the wall, which could lead to instability and difficulty in climbing.
Skill Level: Novice",Novice,False,"Observations: The person is climbing a rock wall, using their hands to grip the wall and their feet to maintain balance. They are wearing a harness and using a rope to secure their ascent.
Errors: The person is not using their feet to maintain balance, which could lead to a loss of control and increased risk of falling.
Skill Level: Novice",Novice,False
7cef5f7e-d66d-4b23-b832-ff998d357784,uniandes_bouldering_023_71,Early Expert,"Observations: The person is climbing a rock wall with a rope, using their hands and feet to grip and balance. They are wearing a harness and helmet for safety. The climber is focused on the task at hand, and their body position is well-coordinated.
Errors: There are no apparent errors in the climber's technique or movement.
Skill Level: Late Expert",Late Expert,False,"Observations: The person is climbing a rock wall with their hands and feet, using their body to balance and maintain their position. They are wearing a helmet for safety.
Errors: The person is not using a rope to secure their ascent, which could be a safety concern.
Skill Level: Novice",Novice,False
6caff659-6697-498e-a5e3-04b50bc09d30,uniandes_bouldering_027_17,Early Expert,"Observations: The person is holding onto a rock climbing wall with both hands, and their body is positioned in a way that suggests they are in the process of climbing. They are likely using their legs to maintain balance and their upper body to pull themselves up the wall.
Errors: There are no apparent errors in the person's technique.
Skill Level: Intermediate Expert",Intermediate Expert,False,"Observations: The person is climbing a rock wall with their feet on the wall and their hands on the rock. They are using their body weight to pull themselves up the wall.
Errors: The person is not using their feet to climb the wall, which is a common technique for rock climbing.
Skill Level: Novice",Novice,False
dcdf4cdc-2b50-4e2c-bbaf-b8a904965867,uniandes_bouldering_029_77,Early Expert,"Observations: The person is climbing a rock wall with a focus on their hands and feet. They are using their arms and legs to maintain balance and control while moving up the wall. The person appears to be in a comfortable and steady position.
Errors: There are no apparent errors in the person's movement.
Skill Level: Intermediate Expert",Intermediate Expert,False,"Observations: The person is holding onto a rock climbing wall and appears to be in the process of climbing. They are using their hands to grip the wall and their feet to maintain balance. The person's body position is stable and their technique seems to be well-executed.
Errors: There are no apparent errors in the person's movement.
Skill Level: Late Expert",Late Expert,False
77f6641e-b713-4723-bafc-ca6b0b957c5e,uniandes_bouldering_036_17,Late Expert,"Observations: The person is hanging from a rock climbing wall, with their feet on the wall and their hands on the wall. They are using their arms to pull themselves up the wall.
Errors: The person is not using their legs to climb the wall, which is a common technique in rock climbing.
Skill Level: Novice",Novice,False,"Observations: The person is holding a rock climbing tool and is positioned in front of a rock climbing wall. They are using their hand to hold the tool and are likely in the process of climbing the wall.
Errors: The person's hand is not in the correct position to hold the tool properly.
Skill Level: Novice",Novice,False
a7ee65f5-b365-4f69-bc6a-95a9583d7ff0,uniandes_bouldering_026_14,Novice,"Observations: The person is hanging from a rock climbing wall, with their feet on the wall and their body positioned in a way that allows them to climb upwards. They are using their arms to maintain balance and control their movement.
Errors: The person's feet are not positioned correctly on the wall, which could lead to instability and difficulty in climbing.
Skill Level: Novice",Novice,True,"Observations: The person is holding onto a rock climbing wall and is in the process of climbing it. They are using their hands to grip the wall and their feet to maintain balance. The person's body position is stable and their technique is precise.
Errors: There are no errors observed in the person's movement.
Skill Level: Late Expert",Late Expert,False
74bc0655-0e3e-433f-b8f5-243764621fe5,uniandes_bouldering_030_25,Late Expert,"Observations: The person is hanging from a rock climbing wall, with their feet on the wall and their hands on the wall. They are using their arms to pull themselves up the wall.
Errors: The person's feet are not positioned correctly on the wall, which could make it difficult to maintain balance and control.
Skill Level: Novice",Novice,False,"Observations: The person is climbing a rock wall, using their hands to grip the rocks and their feet to maintain balance. They are wearing a harness and using a rope to secure their ascent. The person is also wearing a helmet for safety.
Errors: The person is not using their feet to maintain balance, which could lead to a fall.
Skill Level: Novice",Novice,False
04cd2bc7-f306-4bc5-b2ea-8d51a0e587a8,uniandes_bouldering_029_71,Early Expert,"Observations: The person is climbing a rock wall with their hands and feet, using their body to balance and maintain their position. They are wearing a harness and using a rope to secure their ascent.
Errors: The person's technique appears to be a bit awkward, as they are not using their legs to climb the wall.
Skill Level: Novice",Novice,False,"Observations: The person is climbing a rock wall with their hands, using their fingers to grip the rocks. They are wearing a black shirt and black pants. The wall is covered in various colored rocks, and the person is positioned in the middle of the wall.
Errors: The person's hand positioning is not optimal, as they are not using their feet to climb the wall.
Skill Level: Novice",Novice,False
e8f2df2e-5d2d-4352-b06c-95554b1ecdb3,uniandes_bouldering_031_68,Late Expert,"Observations: The person is climbing a rock wall, with their feet on the wall and their hands on the wall. They are using their body to balance and maintain their position.
Errors: The person's feet are not positioned correctly on the wall, which could lead to instability and difficulty in maintaining balance.
Skill Level: Novice",Novice,False,"Observations: The person is performing a climbing activity, with their body positioned in a way that allows them to reach the top of the wall. They are using their hands to grip the wall and their feet to maintain balance. The person's technique appears to be precise and controlled, indicating a high level of skill.
Errors: There are no apparent errors in the person's movement.
Skill Level: Late Expert",Late Expert,True
4401cdfe-a383-4116-b1ed-1783b2e0ae7e,uniandes_bouldering_036_4,Late Expert,"Observations: The person is hanging from a rock climbing wall, with their feet off the ground. They are using their arms to maintain balance and control while climbing. The person's body position is well-aligned, and their technique appears to be precise.
Errors: There are no apparent errors in the person's movement.
Skill Level: Late Expert",Late Expert,True,"Observations: The person is holding onto a rock climbing wall with both hands, and their body is positioned in a way that suggests they are in the process of climbing. They are likely using their arms and legs to maintain balance and control while navigating the wall.
Errors: There are no apparent errors in the person's technique or body position.
Skill Level: Intermediate Expert",Intermediate Expert,False
d33f338c-bebc-44a7-b3bb-17849a0fc068,uniandes_bouldering_037_49,Late Expert,"Observations: The person is climbing a rock wall, with their feet on the wall and their hands on the wall. They are using their body to maintain balance and control while climbing.
Errors: The person is not using a rope or harness to secure their ascent, which could be a safety concern.
Skill Level: Novice",Novice,False,"Observations: The person is climbing a rock wall with their hands, using their body to balance and maintain their position. They are wearing a harness and using their feet to climb as well. The person is moving slowly and carefully, taking their time to reach the top of the wall.
Errors: The person is not using their feet to climb, which could be a mistake in their technique.
Skill Level: Late Expert",Late Expert,True
e0e7a1f3-3420-4ae2-88fb-666ac9d5cbdc,uniandes_bouldering_033_27,Late Expert,"Observations: The person is climbing a rock wall with their hands and feet, using their body to maintain balance and control. They are wearing a green shirt and appear to be focused on their task.
Errors: The person's feet are not positioned correctly on the rock wall, which could lead to a loss of balance and control.
Skill Level: Novice",Novice,False,"Observations: The person is holding onto a rock climbing wall and is in the process of climbing it. They are using their hands to grip the wall and their feet to maintain balance. The person's body position is stable and their technique is precise.
Errors: There are no errors observed in the person's movement.
Skill Level: Late Expert",Late Expert,True
d2268823-4c4b-4036-b313-a27083db529d,uniandes_bouldering_037_2,Intermediate Expert,"Observations: The person is climbing a rock wall with a focus on their hands and feet. They are using their arms and legs to maintain balance and control while moving up the wall. The person appears to be in a comfortable and steady position.
Errors: There are no apparent errors in the person's technique or body position.
Skill Level: Intermediate Expert",Intermediate Expert,True,"Observations: The person is performing a climbing activity, with their hands on the wall and their body positioned in a way that suggests they are in the process of climbing. They are using their arms to pull themselves up the wall.
Errors: The person's technique appears to be imprecise, as they are not using their feet to climb the wall.
Skill Level: Novice",Novice,False
a237c7f1-4189-4f28-9a7d-233a976976d6,uniandes_bouldering_036_47,Late Expert,"Observations: The person is hanging from a rock climbing wall, with their feet on the wall and their body positioned in a way that allows them to climb upwards. They are using their arms to maintain balance and control their movement.
Errors: The person's feet are not positioned correctly on the wall, which could lead to instability and difficulty in climbing.
Skill Level: Novice",Novice,False,"Observations: The person is holding a climbing rope and is positioned in front of a climbing wall. They are wearing a harness and are likely preparing to climb.
Errors: The person's hand position is not optimal for climbing, as they are holding the rope with their palm facing upwards instead of their fingers.
Skill Level: Novice",Novice,False
3c519043-4e93-4f5e-b521-3b27c235c17c,uniandes_bouldering_024_6,Novice,"Observations: The person is climbing a rock wall with a focus on their hands and feet. They are using their arms and legs to maintain balance and control while moving up the wall. The person appears to be in a comfortable and steady position.
Errors: There are no apparent errors in the person's technique or body position.
Skill Level: Intermediate Expert",Intermediate Expert,False,"Observations: The person is performing a rock climbing activity, with their body positioned in a way that allows them to reach the top of the rock. They are using their hands to grip the rock and their feet to maintain balance.
Errors: The person's technique is not entirely precise, as they are not using their legs to climb the rock.
Skill Level: Novice",Novice,True
ea71122a-5318-4c39-9207-10eb0fe6e668,uniandes_bouldering_025_14,Novice,"Observations: The person is climbing a rock wall with their hands and feet, using their body to balance and maintain their position. They are wearing a helmet for safety.
Errors: The person is not using a rope or harness to secure their ascent, which could be a safety concern.
Skill Level: Novice",Novice,True,"Observations: The person is holding onto a rock climbing wall and appears to be in the process of climbing. They are using their hands to grip the wall and their feet to maintain balance. The person's body position is stable and their technique seems to be well-executed.
Errors: There are no apparent errors in the person's movement.
Skill Level: Late Expert",Late Expert,False
ef362c0f-063b-4aeb-af18-d15f0c0a949d,uniandes_bouldering_029_8,Early Expert,"Observations: The person is hanging from a rock climbing wall, with their feet on the wall and their hands on the wall. They are using their arms to pull themselves up the wall.
Errors: The person's feet are not positioned correctly on the wall, which could make it difficult to maintain balance and control.
Skill Level: Novice",Novice,False,"Observations: The person is holding onto a rock climbing wall with their hands, and they are in the process of climbing up the wall. They are using their feet to maintain balance and support themselves while climbing.
Errors: The person's hand positioning is not optimal, as they are not using the correct handholds to climb.
Skill Level: Novice",Novice,False
74d47f9d-6264-4407-b9f0-9facc320c938,uniandes_bouldering_035_37,Early Expert,"Observations: The person is hanging from a rock climbing wall, with their feet off the ground. They are using their arms to maintain balance and control while climbing. The person appears to be in a comfortable and controlled position.
Errors: There are no apparent errors in the person's technique or body position.
Skill Level: Late Expert",Late Expert,False,"Observations: The person is holding onto a rock climbing wall with both hands, and they are in the process of climbing. They are using their feet to find the right position on the wall.
Errors: The person is not using a proper climbing technique, as they are not using their legs to find the right position on the wall.
Skill Level: Novice",Novice,False
297d0185-6f12-4664-b53c-c5fc4054d680,uniandes_bouldering_022_20,Intermediate Expert,"Observations: The person is climbing a rock wall with a focus on their hands and feet. They are using their arms and legs to maintain balance and control while moving up the wall. The person appears to be in a comfortable and steady position.
Errors: There are no apparent errors in the person's technique or body position.
Skill Level: Intermediate Expert",Intermediate Expert,True,"Observations: The person is holding a rock climbing tool and is positioned in front of a rock climbing wall. They are using their hands to hold the tool and are likely in the process of climbing the wall.
Errors: The person's body position and technique are not clearly visible in the frames.
Skill Level: Novice",Novice,False
599fccf2-b3c2-4eaf-95b2-0749fe66ef4c,uniandes_bouldering_027_114,Novice,"Observations: The person is climbing a rock wall with a focus on their hands and feet. They are using their arms and legs to maintain balance and control while moving up the wall. The person appears to be in a comfortable and steady position.
Errors: There are no apparent errors in the person's technique or body position.
Skill Level: Intermediate Expert",Intermediate Expert,False,"Observations: The person is holding onto a rock climbing wall and appears to be in the process of climbing. They are using their hands to grip the wall and their feet to maintain balance. The person's body position is stable and their technique seems to be well-executed.
Errors: There are no apparent errors in the person's movement.
Skill Level: Late Expert",Late Expert,False
947ac112-6848-49aa-8cac-aece95145e0d,uniandes_bouldering_026_72,Novice,"Observations: The person is climbing a rock wall with their hands, using their body weight to pull themselves up. They are wearing a grey shirt and black pants. The climbing wall is covered in various colored rocks, and the person is positioned in the middle of the wall.
Errors: The person's feet are not visible in the video, so it is unclear if they are using their feet to climb or if they are relying solely on their hands.
Skill Level: Late Expert",Late Expert,False,"Observations: The person is climbing a rock wall with their hands, using their fingers to grip the rock. They are wearing a helmet for safety. The person is in a crouched position, with their feet on the ground, and their body facing the wall.
Errors: The person's feet are not positioned correctly on the rock wall, which could lead to a loss of balance and increase the risk of falling.
Skill Level: Novice",Novice,True
4f3ad258-3d8e-430e-88be-d3f6d1db4e90,uniandes_bouldering_033_33,Intermediate Expert,"Observations: The person is climbing a rock wall, using their hands and feet to maintain balance and control. They are wearing a green shirt and blue pants, and their body position is focused on the task at hand.
Errors: The person's hand placement is not optimal, as they are using only one hand to hold onto the rock wall. This could lead to a loss of balance and control.
Skill Level: Novice",Novice,False,"Observations: The person is holding onto a rock climbing wall with their hands, and they are in the process of climbing up the wall. They are using their arms to pull themselves up and their feet to maintain balance. The person's body position is stable, and they are using proper technique to climb the wall.
Errors: There are no errors observed in the person's movement.
Skill Level: The person appears to be an intermediate expert in rock climbing, as they are using proper technique and are able to maintain balance while climbing the wall.",Intermediate Expert,True
00f50674-1f3c-4847-ab4a-fa2f0f113987,uniandes_bouldering_022_33,Novice,"Observations: The person is climbing a rock wall with their hands and feet, using their body to balance and maintain their position. They are wearing a black shirt and black pants.
Errors: The person is not using a rope or harness to secure their ascent, which could be a safety concern.
Skill Level: Late Expert",Late Expert,False,"Observations: The person is holding onto a rock climbing wall with both hands, and their body is positioned in a way that suggests they are in the process of climbing. They are likely using their arms and legs to maintain balance and control while navigating the wall.
Errors: There are no apparent errors in the person's technique or body position.
Skill Level: Intermediate Expert",Intermediate Expert,False
73853c96-b212-4c0c-840b-521bf4db7109,uniandes_bouldering_032_28,Intermediate Expert,"Observations: The person is hanging from a rock climbing wall, with their feet on the wall and their hands on the wall. They are in the process of climbing up the wall.
Errors: The person is not using their feet to climb the wall, which is a common technique in rock climbing.
Skill Level: Novice",Novice,False,"Observations: The person is holding onto a rock climbing wall and is in the process of climbing it. They are using their hands to grip the wall and their feet to maintain balance. The person's body position is stable and their technique is precise.
Errors: There are no errors observed in the person's movement.
Skill Level: Late Expert",Late Expert,False
00e60518-37eb-47ea-bc82-eefa572ffc8c,uniandes_bouldering_029_65,Intermediate Expert,"Observations: The person is climbing a rock wall with a focus on their hands and feet. They are using their arms and legs to maintain balance and control while moving up the wall. The person appears to be in a comfortable and steady position.
Errors: There are no apparent errors in the person's movement.
Skill Level: Intermediate Expert",Intermediate Expert,True,"Observations: The person is holding a rock climbing grip and is positioned in front of a rock climbing wall. They are using their hands to grip the rock and are likely in the process of climbing the wall.
Errors: The person's hand positioning is not optimal, as they are not using the correct grip for rock climbing.
Skill Level: Novice",Novice,False
2915318c-1440-4a50-aced-d39ddc433ffd,uniandes_bouldering_030_26,Late Expert,"Observations: The person is hanging from a rock climbing wall, with their feet on the wall and their hands on the rope. They are in a crouched position, which is a common technique used in rock climbing to maintain balance and control.
Errors: The person's feet are not positioned correctly on the wall, which could lead to instability and difficulty in maintaining balance.
Skill Level: Novice",Novice,False,"Observations: The person is climbing a rock wall, using their hands to grip the rocks and their feet to maintain balance. They are wearing a helmet for safety.
Errors: The person is not using a rope to secure their ascent, which could be a safety concern.
Skill Level: Late Expert",Late Expert,True
8eba5dea-598c-4884-a242-493868d74b9a,uniandes_bouldering_033_12,Late Expert,"Observations: The person is climbing a rock wall with their hands and feet, using their body to balance and maintain their position. They are wearing a green shirt and appear to be in good physical shape.
Errors: The person's feet are not positioned correctly on the rock wall, which could lead to a loss of balance and increase the risk of falling.
Skill Level: Novice",Novice,False,"Observations: The person is climbing a rock wall, using their hands and feet to maintain balance and control. They are wearing a harness and using a rope to secure their ascent. The person is also wearing a helmet for safety.
Errors: The person is not using a proper climbing technique, such as the ""foot-lock"" or ""jug"" to maintain balance and control.
Skill Level: Novice",Novice,False
515cb254-42d5-4107-bf65-f17eb654d6b2,uniandes_bouldering_025_81,Novice,"Observations: The person is climbing a rock wall with a focus on their hands and feet. They are using their arms and legs to maintain balance and control while moving up the wall. The person appears to be in a comfortable and steady position.
Errors: There are no apparent errors in the person's technique or body position.
Skill Level: Intermediate Expert",Intermediate Expert,False,"Observations: The person is climbing a rock wall with their hands, using their body to balance and maintain their position. They are wearing a helmet for safety.
Errors: The person's feet are not visible in the video, so it is unclear if they are using proper foot placement techniques.
Skill Level: Novice",Novice,True
b39b5e50-0271-42f2-a6ad-e9a3973f6f59,uniandes_bouldering_027_58,Novice,"Observations: The person is hanging from a rock climbing wall, with their feet on the wall and their hands on the wall. They are in a crouched position, which is a common technique used in rock climbing to maintain balance and control.
Errors: The person's feet are not positioned correctly on the wall, which could lead to instability and difficulty in maintaining balance.
Skill Level: Novice",Novice,True,"Observations: The person is holding onto a rock climbing wall with their hands, and they are in the process of climbing. They are using their feet to maintain balance and their body position is stable.
Errors: The person's hand position is not optimal, as they are not using the correct handholds to climb.
Skill Level: Novice",Novice,True
ded44860-08c8-48a6-bdc1-6fed5fbb2ca8,uniandes_bouldering_034_21,Early Expert,"Observations: The person is hanging from a rock climbing wall, with their feet on the wall and their hands on the wall. They are using their arms to pull themselves up the wall.
Errors: The person is not using their legs to climb the wall, which is a common technique in rock climbing.
Skill Level: Novice",Novice,False,"Observations: The person is climbing a rock wall, using their hands to grip the rocks and their feet to maintain balance. They are wearing a helmet for safety.
Errors: The person is not using a rope to secure their ascent, which could be a safety concern.
Skill Level: Late Expert",Late Expert,False
78eb1fd3-fd40-45b2-a322-75bf823917ce,uniandes_bouldering_034_8,Early Expert,"Observations: The person is climbing a rock wall with a green shirt and green pants. They are using their hands to grip the wall and their feet to maintain balance. The climber is in a crouched position, which is a common technique used in rock climbing.
Errors: The climber's feet are not positioned correctly, as they are not on the wall. This could lead to a loss of balance and increase the risk of falling.
Skill Level: Novice",Novice,False,"Observations: The person is performing a rock climbing activity, with their body positioned in a way that allows them to climb up the wall. They are using their hands to grip the rock and their feet to maintain balance. The person's technique appears to be precise and controlled, indicating a high level of skill and experience.
Errors: There are no apparent errors in the person's movement, suggesting that they are executing the activity correctly.
Skill Level: Late Expert",Late Expert,False
4d46b132-1c9e-404d-86fd-f7fc1dd4c320,uniandes_bouldering_034_65,Early Expert,"Observations: The person is climbing a rock wall with their arms outstretched, using their legs to maintain balance. They are wearing a green shirt and black pants.
Errors: The person's feet are not positioned correctly on the rock wall, which could lead to a loss of balance and increase the risk of falling.
Skill Level: Novice",Novice,False,"Observations: The person is holding onto a rock climbing wall and is in the process of climbing it. They are using their hands to grip the wall and their feet to maintain balance. The person is also wearing a helmet for safety.
Errors: The person is not using any ropes or safety equipment, which could be a potential hazard.
Skill Level: Novice",Novice,False
503cc92d-7052-44ff-a21d-da6c4a5d6927,uniandes_bouldering_028_52,Intermediate Expert,"Observations: The person is climbing a rock wall with their hands and feet, using their body to balance and maintain their position. They are wearing a helmet for safety.
Errors: The person is not using a rope or any other safety equipment, which could be dangerous.
Skill Level: Novice",Novice,False,"Observations: The person is holding onto a rock climbing wall and appears to be in the process of climbing. They are using their hands to grip the wall and their feet to maintain balance. The person's body position is stable and their technique seems to be well-executed.
Errors: There are no apparent errors in the person's movement.
Skill Level: Late Expert",Late Expert,False
490ba87f-dec2-421d-89ae-365b07059004,uniandes_bouldering_029_74,Early Expert,"Observations: The person is climbing a rock wall with a focus on their hands and feet. They are using their arms and legs to maintain balance and control while moving up the wall. The person appears to be in a comfortable and steady position.
Errors: There are no apparent errors in the person's movement.
Skill Level: Intermediate Expert",Intermediate Expert,False,"Observations: The person is climbing a rock wall with their hands, using their body to maintain balance and control. They are wearing a harness and using their feet to find the right footing on the wall. The person is moving up the wall with a steady pace, and their body position is well-aligned with the wall.
Errors: There are no visible errors in the person's movement.
Skill Level: Late Expert",Late Expert,False
55a046e6-11d2-4860-a2a4-305e84f87c95,uniandes_bouldering_032_75,Intermediate Expert,"Observations: The person is climbing a rock wall with a rope, and they are using their hands to grip the wall. They are also using their feet to find the right footing. The person is wearing a helmet for safety.
Errors: The person is not using their legs to climb the wall, which could be a mistake.
Skill Level: Novice",Novice,False,"Observations: The person is holding onto a rock climbing wall and is in the process of climbing. They are using their hands to grip the wall and their feet to maintain balance. The person is also using their body to shift their weight and adjust their position on the wall.
Errors: The person's technique is not entirely clear, but it appears that they are not using the proper grip or foot placement for rock climbing.
Skill Level: Novice",Novice,False
20339f53-7bb2-4b2f-9829-8b1317c7aefe,uniandes_bouldering_034_37,Early Expert,"Observations: The person is hanging from a rock climbing wall, with their feet on the wall and their hands on the wall. They are in a crouched position, which is a common technique used in rock climbing to maintain balance and control.
Errors: The person's feet are not positioned correctly on the wall, which could lead to instability and difficulty in maintaining balance.
Skill Level: Novice",Novice,False,"Observations: The person is climbing a rock wall with their hands, using their fingers to grip the rocks. They are wearing a helmet for safety. The person is in a crouched position, with their feet on the wall, and their body facing the wall.
Errors: The person's feet are not on the wall, which could be a mistake in their technique.
Skill Level: Novice",Novice,False
e5342798-15e1-496a-877e-599c41e661d2,uniandes_bouldering_030_61,Late Expert,"Observations: The person is hanging from a rock climbing wall, with their feet on the wall and their hands on the rock climbing holds. They are in a crouched position, which is a common technique used in rock climbing to maintain balance and control.
Errors: The person's feet are not positioned correctly on the wall, which could lead to instability and difficulty in maintaining balance.
Skill Level: Novice",Novice,False,"Observations: The person is performing a rock climbing activity, with their body positioned in a way that allows them to grip the rock. They are using their feet to maintain balance and their hands to grip the rock. The person is also using their body weight to pull themselves up the rock.
Errors: The person's technique is not entirely accurate, as they are not using the correct grip or foot placement to maintain balance.
Skill Level: Novice",Novice,False
13187fc4-b19c-44c2-96c4-d6516e80e8c6,uniandes_bouldering_022_49,Novice,"Observations: The person is climbing a rock wall with their arms outstretched, using their hands to grip the wall. They are wearing a black shirt and appear to be focused on their climb.
Errors: The person's feet are not visible in the video, so it is unclear if they are using proper foot placement techniques.
Skill Level: Early Expert",Early Expert,False,"Observations: The person is holding onto a rock climbing wall and appears to be in the process of climbing. They are using their hands to grip the wall and their feet to maintain balance. The person's body position is stable and their technique seems to be well-executed.
Errors: There are no apparent errors in the person's movement.
Skill Level: Late Expert",Late Expert,False
541fd573-8687-496a-8351-aa30f2524bd3,uniandes_bouldering_022_13,Novice,"Observations: The person is climbing a rock wall with a rope, using their hands and feet to maintain balance and control. They are wearing a black shirt and appear to be focused on their task.
Errors: The person's hand placement is not consistent, which could lead to a loss of grip and balance.
Skill Level: Novice",Novice,True,"Observations: The person is holding onto a rock climbing wall with their hands, and they are in the process of climbing. They are using their arms to pull themselves up the wall.
Errors: The person's feet are not visible in the video, so it is unclear if they are using their feet to climb as well.
Skill Level: Early Expert",Early Expert,False
daebd508-2c03-4304-ad6e-44be5672755c,uniandes_bouldering_028_34,Intermediate Expert,"Observations: The person is hanging from a rock climbing wall, with their feet off the ground, and their body positioned in a way that allows them to reach the top of the wall. They are using their arms to maintain balance and control their movement.
Errors: The person's feet are not securely positioned on the wall, which could lead to a fall.
Skill Level: Novice",Novice,False,"Observations: The person is climbing a rock wall with their hands, using their fingers to grip the rocks. They are wearing a harness and using a rope to secure their ascent. The person is also wearing a helmet for safety.
Errors: The person is not using their feet to climb the wall, which is a common technique in rock climbing.
Skill Level: Late Expert",Late Expert,False
da19130e-ef5e-4255-9080-f714a618f934,uniandes_bouldering_030_29,Late Expert,"Observations: The person is climbing a rock wall with their hands and feet, using their body to balance and maintain their position. They are wearing a black shirt and appear to be focused on their task.
Errors: The person's feet are not positioned correctly on the rock wall, which could lead to a loss of balance and increase the risk of falling.
Skill Level: Novice",Novice,False,"Observations: The person is climbing a rock wall with their feet on the wall and their hands on the rock wall. They are using their body weight to pull themselves up the wall.
Errors: The person is not using their feet to climb the wall, which is a common technique for rock climbing.
Skill Level: Novice",Novice,False
5a87d794-6b64-4287-b212-5142aefeefa2,uniandes_bouldering_032_21,Intermediate Expert,"Observations: The person is climbing a rock wall with their hands and feet, using their body to balance and maintain their position. They are wearing a green shirt and blue jeans.
Errors: The person is not using a rope or harness to secure their ascent, which could be a safety concern.
Skill Level: Early Expert",Early Expert,False,"Observations: The person is holding onto a rock climbing wall and appears to be in the process of climbing. They are using their hands to grip the wall and their feet to maintain balance. The person's body position is stable and their technique seems to be well-executed.
Errors: There are no apparent errors in the person's movement.
Skill Level: Late Expert",Late Expert,False
efe3c403-3719-4276-b1b1-0492f93a8397,uniandes_bouldering_023_44,Novice,"Observations: The person is hanging from a rock climbing wall, with their feet off the ground. They are using their arms to maintain balance and control their movement. The person's body position is stable, and they are using proper technique to climb the wall.
Errors: There are no apparent errors in the person's movement.
Skill Level: Late Expert",Late Expert,False,"Observations: The person is climbing a rock wall, using their hands to grip the rocks and their feet to maintain balance. They are wearing a harness and using a rope to secure their ascent. The person is also wearing a helmet for safety.
Errors: The person is not using their feet to maintain balance, which could lead to a fall.
Skill Level: Novice",Novice,True
2aaaca24-108a-437e-ab9a-bc3e8d65fcdf,uniandes_bouldering_024_60,Novice,"Observations: The person is climbing a rock wall, using their hands and feet to grip and balance. They are wearing a helmet for safety.
Errors: The person is not using a rope to secure their ascent, which could be a safety concern.
Skill Level: Late Expert",Late Expert,False,"Observations: The person is holding a rock climbing hook and is in the process of climbing a rock wall. They are using their feet to maintain balance and their hands to grip the hook. The person is wearing a helmet for safety.
Errors: The person is not using the correct technique for rock climbing, as they are not using their legs to climb the wall. Instead, they are relying on their arms and hands to pull themselves up.
Skill Level: Novice",Novice,True
7b7365da-5cef-4fbc-8c9b-ab2987fddf0f,uniandes_bouldering_025_16,Novice,"Observations: The person is hanging from a rock climbing wall, with their feet on the wall and their body positioned in a way that allows them to climb upwards. They are using their arms to pull themselves up the wall.
Errors: The person's feet are not positioned correctly on the wall, which could make it difficult for them to maintain balance and control while climbing.
Skill Level: Novice",Novice,True,"Observations: The person is climbing a rock wall with their feet on the wall and their hands on the rock wall. They are using their body weight to pull themselves up the wall.
Errors: The person is not using their feet to climb the wall, which is a common technique for rock climbing.
Skill Level: Novice",Novice,True
aaf0d082-a972-4620-a1e9-5699023c9c77,uniandes_bouldering_022_62,Intermediate Expert,"Observations: The person is hanging from a rock climbing wall, with their feet on the wall and their hands on the wall. They are using their arms to pull themselves up the wall.
Errors: The person's feet are not positioned correctly on the wall, which could lead to instability and difficulty in climbing.
Skill Level: Novice",Novice,False,"Observations: The person is climbing a rock wall with their hands, using their body weight to balance and maintain their position. They are wearing a helmet for safety.
Errors: The person's feet are not visible in the video, so it is unclear if they are using their feet to climb or if they are using only their hands.
Skill Level: Early Expert",Early Expert,False
3f60a7dd-d004-4842-bdd0-2e112f554cd9,uniandes_bouldering_035_21,Early Expert,"Observations: The person is climbing a rock wall, with their feet on the wall and their hands on the wall. They are using their body to balance and maintain their position.
Errors: The person is not using a rope or harness to secure their ascent, which could be a safety concern.
Skill Level: Novice",Novice,False,"Observations: The person is climbing a rock wall, using their hands to grip the rocks and their feet to maintain balance. They are wearing a harness and using a rope to secure their ascent.
Errors: The person is not using their feet to maintain balance, which could lead to a loss of control and increase the risk of falling.
Skill Level: Novice",Novice,False
34c5de08-c113-4213-82e0-50a6751d794b,uniandes_bouldering_036_48,Late Expert,"Observations: The person is hanging from a rock climbing wall, with their feet on the wall and their body positioned in a way that allows them to climb upwards. They are using their arms to maintain balance and control their movement.
Errors: The person's feet are not positioned correctly on the wall, which could lead to instability and difficulty in climbing.
Skill Level: Novice",Novice,False,"Observations: The person is climbing a rock wall with their hands, using their body weight to balance and maintain their position. They are wearing a harness and using a rope to secure their ascent. The person is also wearing a helmet for safety.
Errors: The person's feet are not visible in the video, which could indicate a lack of proper foot placement or foot positioning.
Skill Level: Late Expert",Late Expert,True
4f53ded9-6a79-4ea0-bc28-f93981f4db82,uniandes_bouldering_029_9,Early Expert,"Observations: The person is climbing a rock wall with their hands, using their body to balance and maintain their position. They are wearing a helmet for safety.
Errors: The person is not using a rope or any other safety equipment while climbing.
Skill Level: Novice",Novice,False,"Observations: The person is holding onto a rock climbing wall and appears to be in the process of climbing. They are using their hands to grip the wall and their feet to maintain balance. The person's body position is stable and their technique seems to be well-executed.
Errors: There are no apparent errors in the person's movement.
Skill Level: Late Expert",Late Expert,False
7ddc0933-b409-4c1d-96e6-0ecce0d68d9a,uniandes_bouldering_026_22,Novice,"Observations: The person is climbing a rock wall with their hands and feet, using their body to balance and maintain their position. They are wearing a grey shirt and black pants.
Errors: The person is not using a rope or harness to secure their ascent, which could be a safety concern.
Skill Level: Early Expert",Early Expert,False,"Observations: The person is climbing a rock wall with their hands, using their fingers to grip the rock. They are wearing a helmet for safety. The person is in a crouched position, with their feet on the rock wall.
Errors: The person's feet are not on the rock wall, which could be a mistake in their technique.
Skill Level: Novice",Novice,True
06846813-9b38-4177-9caa-2fdef34bd868,uniandes_bouldering_027_87,Novice,ERROR,Unknown,False,ERROR,Unknown,False
ab2d04c4-9952-4554-8047-f624b7703523,uniandes_bouldering_036_60,Intermediate Expert,"Observations: The person is hanging from a rock climbing wall, with their feet off the ground. They are holding onto the wall with their hands and are in the process of climbing up.
Errors: The person's feet are not securely positioned on the wall, which could lead to a fall.
Skill Level: Novice",Novice,False,"Observations: The person is performing a rock climbing activity, with their body positioned in a way that allows them to climb up the wall. They are using their hands to grip the wall and their feet to maintain balance. The person's technique appears to be precise and controlled, indicating that they are likely an intermediate or late expert in the activity.
Errors: There are no apparent errors in the person's movement.
Skill Level: The person's technique and body position suggest that they are an intermediate or late expert in rock climbing.",Late Expert,False
55c0fbdf-e83e-44b2-ae04-a05cd1ac227e,uniandes_bouldering_032_66,Late Expert,"Observations: The person is climbing a rock wall, using their hands to grip the rocks and their feet to maintain balance. They are wearing a green shirt and black pants. The climber is in the process of ascending the wall, and their body position is well-aligned with the rocks.
Errors: There are no apparent errors in the person's movement.
Skill Level: Intermediate Expert",Intermediate Expert,False,"Observations: The person is holding a rock climbing grip and is in the process of climbing a rock wall. They are using their feet to maintain balance and their hands to grip the rock climbing grip. The person is also using their body to shift their weight and maintain their position on the wall.
Errors: The person's technique is not entirely accurate, as they are not using their legs to maintain balance and are not using their arms to grip the rock climbing grip properly.
Skill Level: Novice",Novice,False
54e52179-7f03-4a57-9b5b-bc526a89a33b,uniandes_bouldering_026_26,Intermediate Expert,"Observations: The person is climbing a rock wall with their arms outstretched, using their hands to grip the rocks. They are wearing a blue shirt and black pants. The climbing wall is covered in various colored rocks, and the person is positioned in the middle of the wall.
Errors: The person's feet are not visible in the video, so it is unclear if they are using proper foot placement techniques.
Skill Level: Early Expert",Early Expert,False,"Observations: The person is climbing a rock wall, with their feet positioned on the wall and their hands gripping the wall. They are using their body weight to pull themselves up the wall.
Errors: The person's feet are not positioned correctly on the wall, which could lead to a loss of balance and difficulty in climbing.
Skill Level: Novice",Novice,False
823628bf-e32c-4b93-9ec2-0c615eb6a999,uniandes_bouldering_024_32,Novice,"Observations: The person is hanging from a rock climbing wall, with their feet on the wall and their body positioned in a way that allows them to climb upwards. They are using their arms to pull themselves up the wall.
Errors: The person's feet are not positioned correctly on the wall, which could make it difficult for them to maintain balance and control while climbing.
Skill Level: Novice",Novice,True,"Observations: The person is holding onto a rock climbing wall with their hands, and they are in the process of climbing. They are using their feet to maintain balance and support their body weight. The person's body position is stable, and they are using proper climbing techniques to ascend the wall.
Errors: There are no apparent errors in the person's movement.
Skill Level: Intermediate Expert",Intermediate Expert,False
03cee26b-3f48-435c-a617-db1130410157,uniandes_bouldering_023_2,Early Expert,"Observations: The person is hanging from a rock climbing wall, with their arms outstretched and their body positioned in a way that suggests they are in the process of climbing. They are wearing a purple tank top and black shorts.
Errors: The person's feet are not visible in the video, which could indicate a lack of proper foot placement or balance.
Skill Level: Novice",Novice,False,"Observations: The person is holding onto a rock climbing wall with their hands and feet, and they are in the process of climbing. They are using their arms and legs to maintain balance and control while moving up the wall.
Errors: The person's technique is not entirely clear, but it appears that they are not using the correct handholds or footholds, which could lead to a loss of balance and control.
Skill Level: Novice",Novice,False
67afb15d-7cde-4c6d-8826-2fb9b9192b61,uniandes_bouldering_026_23,Novice,"Observations: The person is climbing a rock wall with their arms outstretched, using their hands to grip the wall. They are wearing a grey shirt and black pants. The climbing wall is covered in various colored rocks, and there is a light shining on the wall.
Errors: The person's feet are not visible in the video, so it is unclear if they are using proper foot placement techniques.
Skill Level: Early Expert",Early Expert,False,"Observations: The person is climbing a rock wall, using their hands to grip the wall and their feet to maintain balance. They are wearing a harness and using a rope to secure their ascent.
Errors: The person is not using their feet to maintain balance, which could lead to a loss of control and increased risk of falling.
Skill Level: Novice",Novice,True
2d440a5d-6f5d-447f-b0d7-5227df11da5f,uniandes_bouldering_022_72,Novice,"Observations: The person is climbing a rock wall with a focus on their hands and feet. They are using their arms and legs to maintain balance and control while moving up the wall. The person appears to be in a comfortable and steady position.
Errors: There are no apparent errors in the person's technique or body position.
Skill Level: Intermediate Expert",Intermediate Expert,False,"Observations: The person is holding onto a rock climbing wall with their hand, and they are in the process of climbing. They are using their arm strength to pull themselves up the wall.
Errors: The person's hand is not in the correct position to hold onto the rock climbing wall. They should be using their fingers to grip the wall and their arm to pull themselves up.
Skill Level: Novice",Novice,True
68308e20-76b7-4878-af8f-62e74c08e6d3,uniandes_bouldering_036_50,Late Expert,"Observations: The person is climbing a rock wall, with their feet on the wall and their hands on the wall. They are using their body to balance and maintain their position.
Errors: The person's feet are not positioned correctly on the wall, which could lead to a loss of balance and increase the risk of falling.
Skill Level: Novice",Novice,False,"Observations: The person is holding onto a rock climbing wall with both hands, and their feet are positioned on the wall. They are likely in the process of climbing or descending the wall.
Errors: The person's body position is not clearly visible, so it is difficult to determine if there are any errors in their technique.
Skill Level: Novice",Novice,False
cddea26a-1eac-4176-a541-fa38ca70a214,uniandes_bouldering_033_45,Late Expert,"Observations: The person is climbing a rock wall with a rope, and they are using their hands to grip the wall. They are also using their feet to find the right footing. The person is wearing a helmet for safety.
Errors: The person is not using their legs to climb the wall, which could be a mistake.
Skill Level: Novice",Novice,False,"Observations: The person is performing a climbing activity, with their body positioned in a way that allows them to reach the top of the wall. They are using their arms and legs to maintain balance and control while climbing.
Errors: There are no apparent errors in the person's technique.
Skill Level: Late Expert",Late Expert,True
53b52ea1-d45a-428e-989a-0afbd8914588,uniandes_bouldering_032_2,Late Expert,"Observations: The person is climbing a rock wall with their hands and feet, using their body to balance and maintain their position. They are wearing a green shirt and black shorts. The climbing wall is covered in various colored rocks, and the person is positioned in the middle of the wall.
Errors: The person's feet are not positioned correctly on the wall, which could lead to a loss of balance and increase the risk of falling.
Skill Level: Novice",Novice,False,"Observations: The person is holding onto a rock climbing wall and is in the process of climbing it. They are using their hands to grip the wall and their feet to maintain balance. The person's body position is stable and their technique is precise.
Errors: There are no errors observed in the person's movement.
Skill Level: Late Expert",Late Expert,True
6cc51836-6b79-4921-9024-d351486ad88c,uniandes_bouldering_033_55,Intermediate Expert,"Observations: The person is climbing a rock wall with a rope, and they are using their hands to grip the wall. They are also using their feet to find the right footing on the wall.
Errors: The person is not using their legs to climb the wall, which could be a mistake.
Skill Level: Novice",Novice,False,"Observations: The person is performing a rock climbing activity, with their body positioned in a way that allows them to climb up the wall. They are using their hands to grip the wall and their feet to maintain balance. The person's technique is precise and controlled, indicating a high level of skill and experience.
Errors: There are no apparent errors in the person's movement.
Skill Level: Late Expert",Late Expert,False
14e3d506-966c-4775-9499-e800ff752938,uniandes_bouldering_036_57,Intermediate Expert,"Observations: The person is hanging from a rock climbing wall, with their feet on the wall and their hands on the climbing holds. They are in a crouched position, which is a common technique used in rock climbing to maintain balance and control.
Errors: The person's feet are not positioned correctly on the wall, which could lead to instability and difficulty in maintaining balance.
Skill Level: Novice",Novice,False,"Observations: The person is holding onto a rock climbing wall and is in the process of climbing it. They are using their hands to grip the wall and their feet to maintain balance. The person's body position is stable and their technique is precise.
Errors: There are no errors observed in the person's movement.
Skill Level: Late Expert",Late Expert,False
50a1d087-699a-4b98-a8d3-1c1b9adae130,uniandes_bouldering_037_52,Late Expert,"Observations: The person is climbing a rock wall, with their feet on the wall and their hands on the wall. They are using their body to balance and maintain their position.
Errors: The person is not using their feet to maintain balance, which could lead to a loss of balance and potential injury.
Skill Level: Novice",Novice,False,"Observations: The person is holding onto a rock climbing wall and appears to be in the process of climbing. They are using their hands to grip the wall and their feet to maintain balance. The person's body position is stable and their technique seems to be well-executed.
Errors: There are no apparent errors in the person's movement.
Skill Level: Late Expert",Late Expert,True
b0e3de53-17af-438a-80f5-7bbb2fed0125,uniandes_bouldering_026_21,Novice,"Observations: The person is climbing a rock wall with their hands and feet, using their body to balance and maintain their position. They are wearing a grey shirt and black pants.
Errors: The person is not using a rope or harness to secure their ascent, which could be a safety concern.
Skill Level: Early Expert",Early Expert,False,"Observations: The person is climbing a rock wall with their hands, using their body to balance and maintain their position. They are wearing a harness and using a rope to secure their ascent. The person is also wearing a helmet for safety.
Errors: The person's feet are not visible in the video, which could indicate a lack of proper foot placement or foot positioning.
Skill Level: Late Expert",Late Expert,False
103eefc6-4c85-4d2f-877a-c56458767c63,uniandes_bouldering_036_12,Intermediate Expert,"Observations: The person is climbing a rock wall with their hands and feet, using their body to balance and maintain their position. They are wearing an orange shirt and appear to be focused on their task.
Errors: The person's feet are not positioned correctly on the rock wall, which could lead to a loss of balance and increase the risk of falling.
Skill Level: Novice",Novice,False,"Observations: The person is performing a climbing activity, with their body positioned in a way that allows them to reach the top of the rock wall. They are using their hands to grip the rock wall and their feet to maintain balance.
Errors: The person's technique appears to be imprecise, as they are not using their feet to maintain balance and are not using their legs to climb the wall.
Skill Level: Novice",Novice,False
b437ad8d-7d90-48b9-84ef-46e6db4a58da,uniandes_bouldering_029_28,Early Expert,"Observations: The person is climbing a rock wall with their hands, using their body weight to pull themselves up. They are wearing a helmet for safety.
Errors: The person is not using a rope or any other safety equipment.
Skill Level: Novice",Novice,False,"Observations: The person is holding onto a rock climbing wall with both hands, and their body is positioned in a way that suggests they are in the process of climbing. They are likely using their arms and legs to maintain balance and control while navigating the wall.
Errors: There are no apparent errors in the person's movement.
Skill Level: Intermediate Expert",Intermediate Expert,False
08dc1e90-e64a-4420-a773-574758117821,uniandes_bouldering_027_2,Intermediate Expert,"Observations: The person is climbing a rock wall with their hands, using their body to balance and maintain their position. They are wearing a helmet for safety.
Errors: The person is not using a rope or any other safety equipment, which could be a potential risk.
Skill Level: Novice",Novice,False,"Observations: The person is holding onto a rock climbing wall with their hands, and they are in the process of climbing. They are using their feet to maintain balance and support themselves while climbing.
Errors: The person's feet are not positioned correctly, which could lead to instability and difficulty in maintaining balance.
Skill Level: Novice",Novice,False
e5c4c6aa-f142-4b45-bb12-97e312cb20fd,uniandes_bouldering_028_24,Early Expert,"Observations: The person is climbing a rock wall with their hands and feet, using their body to balance and maintain their position. They are wearing a helmet for safety.
Errors: The person is not using a rope or any other safety equipment, which could be dangerous.
Skill Level: Novice",Novice,False,"Observations: The person is holding onto a rock climbing wall and appears to be in the process of climbing. They are using their hands to grip the wall and their feet to maintain balance. The person's body position is stable and their technique seems to be well-executed.
Errors: There are no apparent errors in the person's movement.
Skill Level: Late Expert",Late Expert,False
c8dbedf6-61ec-497f-b57e-ee270238da13,uniandes_bouldering_031_69,Late Expert,"Observations: The person is performing a climbing activity, with their body positioned in a way that allows them to grip the rock wall. They are using their arms and legs to maintain balance and control while climbing.
Errors: The person's technique appears to be a bit imprecise, as they are not using their feet to maintain balance and are not using their legs to pull themselves up the wall.
Skill Level: Novice",Novice,False,"Observations: The person is performing a rock climbing activity, with their body positioned in a way that allows them to climb up the wall. They are using their hands to grip the wall and their feet to maintain balance. The person's technique appears to be precise and controlled, indicating that they are likely an intermediate or late expert in the activity.
Errors: There are no apparent errors in the person's movement.
Skill Level: The person's technique and body position suggest that they are an intermediate or late expert in rock climbing.",Late Expert,True
a729523b-c8c8-40a5-99b5-eebff3772724,uniandes_bouldering_029_48,Intermediate Expert,"Observations: The person is climbing a rock wall with their hands and feet, using their body to balance and maintain their position. They are wearing a white shirt and black pants.
Errors: The person is not using a rope or harness to secure their ascent, which could be a safety concern.
Skill Level: Novice",Novice,False,"Observations: The person is holding onto a rock climbing wall with both hands, and their body is positioned in a way that suggests they are in the process of climbing. They are likely using their arms and legs to maintain balance and control while navigating the wall.
Errors: There are no apparent errors in the person's technique or body position.
Skill Level: Intermediate Expert",Intermediate Expert,True
75286d45-1251-421a-90cb-3f0212443244,uniandes_bouldering_036_8,Late Expert,"Observations: The person is performing a climbing activity on a rock wall. They are using their hands to grip the wall and their feet to maintain balance. The person is also using their body weight to pull themselves up the wall.
Errors: The person is not using their legs to climb the wall, which is a common technique in rock climbing.
Skill Level: Novice",Novice,False,"Observations: The person is holding onto a rock climbing wall and appears to be in the process of climbing. They are using their hands to grip the wall and their feet to maintain balance. The person's body position is stable and their technique seems to be well-executed.
Errors: There are no apparent errors in the person's movement.
Skill Level: Late Expert",Late Expert,True
90d40eba-fb77-4014-b51b-675005365f66,uniandes_bouldering_027_52,Novice,"Observations: The person is climbing a rock wall with their arms outstretched, using their hands to grip the wall. They are wearing a pink shirt and black pants. The climbing wall is covered in various colored rocks, and the person is positioned in the middle of the wall.
Errors: The person's feet are not visible in the video, so it is unclear if they are using proper foot placement techniques.
Skill Level: Early Expert",Early Expert,False,"Observations: The person is climbing a rock wall, using their hands to grip the rock and their feet to maintain balance. They are wearing a helmet for safety.
Errors: The person is not using a rope to secure their ascent, which could be a safety concern.
Skill Level: Intermediate Expert",Intermediate Expert,False
d822e2e6-4549-4ceb-82b3-666536ee7cd1,uniandes_bouldering_029_75,Early Expert,"Observations: The person is climbing a rock wall with a focus on their hands and feet. They are using their arms and legs to maintain balance and control while moving up the wall. The person appears to be in a comfortable and steady position.
Errors: There are no apparent errors in the person's movement.
Skill Level: Intermediate Expert",Intermediate Expert,False,"Observations: The person is holding onto a rock climbing wall with their hands, and they are in the process of climbing. They are using their arms to pull themselves up the wall.
Errors: The person's feet are not visible in the video, so it is unclear if they are using their feet to climb as well.
Skill Level: Early Expert",Early Expert,True
b843d724-be38-4855-9408-7c5cef73274d,uniandes_bouldering_034_69,Early Expert,"Observations: The person is hanging from a rock climbing wall, with their feet off the ground. They are using their arms to maintain balance and control their movement. The person's body position is stable, and they are using proper technique to climb the wall.
Errors: There are no apparent errors in the person's movement.
Skill Level: Late Expert",Late Expert,False,"Observations: The person is climbing a rock wall with their hands, using their feet to maintain balance. They are wearing a helmet for safety.
Errors: The person is not using a rope to secure their ascent, which could be a safety concern.
Skill Level: Novice",Novice,False
ac7cf81b-2de9-4a6e-8274-4c5348fe6f05,uniandes_bouldering_036_26,Intermediate Expert,"Observations: The person is hanging from a rock climbing wall, with their feet off the ground. They are using their arms to maintain balance and control their movement. The person's body position is stable, and they are using proper technique to climb the wall.
Errors: There are no apparent errors in the person's movement.
Skill Level: Late Expert",Late Expert,False,"Observations: The person is holding onto a rock climbing wall and appears to be in the process of climbing. They are using their hands to grip the wall and their feet to maintain balance. The person's body position is stable and their technique seems to be well-executed.
Errors: There are no apparent errors in the person's movement.
Skill Level: Late Expert",Late Expert,False
e4e88582-cb8a-49d4-a6ed-e1203e50b59b,uniandes_bouldering_032_30,Intermediate Expert,"Observations: The person is hanging from a rock climbing wall, with their feet on the wall and their hands on the wall. They are in a crouched position, which is a common technique used in rock climbing to maintain balance and control.
Errors: The person's feet are not positioned correctly on the wall, which could lead to instability and difficulty in maintaining balance.
Skill Level: Novice",Novice,False,"Observations: The person is climbing a rock wall with their feet on the wall and their hands on the wall. They are using their body weight to pull themselves up the wall.
Errors: The person is not using their feet to climb the wall, which is a common technique for rock climbing.
Skill Level: Novice",Novice,False
495c922c-4986-4fc9-8f80-478f2d888850,uniandes_bouldering_029_34,Intermediate Expert,ERROR,Unknown,False,ERROR,Unknown,False
b625c8f6-9346-42a5-97be-5db4a1c764c5,uniandes_bouldering_037_19,Late Expert,"Observations: The person is hanging from a rock climbing wall, with their feet positioned on the wall and their body facing upwards. They are using their arms to maintain balance and control while climbing.
Errors: The person's feet are not positioned correctly on the wall, which could lead to instability and difficulty in maintaining balance.
Skill Level: Novice",Novice,False,"Observations: The person is climbing a rock wall with their hands, using their fingers to grip the rock. They are wearing a black shirt and black shorts. The rock wall is covered in various colored rocks, and the person is positioned in the middle of the wall.
Errors: The person's feet are not visible in the video, so it is unclear if they are using their feet to climb or if they are using only their hands.
Skill Level: Early Expert",Early Expert,False
ec6ff8f4-3d40-4508-b83f-45c78c0be3b4,uniandes_bouldering_036_16,Late Expert,"Observations: The person is hanging from a rock climbing wall, with their feet on the wall and their hands on the wall. They are using their arms to pull themselves up the wall.
Errors: The person is not using their legs to climb the wall, which is a common technique in rock climbing.
Skill Level: Novice",Novice,False,"Observations: The person is holding a climbing hook and is positioned in front of a rock wall. They are likely preparing to climb the wall.
Errors: The person's hand is not in the correct position to hold the hook properly.
Skill Level: Novice",Novice,False
4c052cb2-fd49-4601-a842-7eb09f24e76c,uniandes_bouldering_030_62,Late Expert,"Observations: The person is hanging from a rock climbing wall, with their feet off the ground. They are using their arms to maintain balance and control their movement. The person's body position is stable, and they are using proper technique to climb the wall.
Errors: There are no apparent errors in the person's movement.
Skill Level: Late Expert",Late Expert,True,"Observations: The person is performing a climbing activity, with their body positioned in a way that allows them to reach the top of the wall. They are using their hands to grip the wall and their feet to maintain balance. The person's technique is precise and controlled, indicating a high level of skill and experience.
Errors: There are no visible errors in the person's movement.
Skill Level: Late Expert",Late Expert,True
